,Time,AccX,AccY,AccZ,Absolute
1,1,0.23372702300548553,-0.1794622540473938,-0.1710435301065445,2.314309597015381
2,2,-0.242510125041008,0.09026701003313065,0.23706994950771332,1.4612501859664917
3,3,0.10089082270860672,-0.1877935826778412,0.17565076053142548,0.8433585166931152
4,4,-0.009025659412145615,-0.08790624886751175,0.00868752971291542,0.5315859913825989
5,5,-0.0017874737968668342,-0.08306463807821274,-0.03345322981476784,0.4281991124153137
6,6,-0.02565799653530121,-0.11497600376605988,-0.05764145776629448,0.46247702836990356
7,7,0.011135860346257687,-0.040442418307065964,0.015068684704601765,0.5522424578666687
8,8,-0.004200001712888479,-0.09494160115718842,-0.024536767974495888,0.4361080229282379
9,9,-0.004305597860366106,0.017012091353535652,-0.01415170542895794,0.39703992009162903
10,10,-0.014007083140313625,-0.0756295919418335,-0.06976782530546188,0.3884757459163666
11,11,0.038876697421073914,-0.046416398137807846,0.0063526020385324955,0.38041195273399353
12,12,0.009402228519320488,-0.032103750854730606,0.0628952905535698,0.32225561141967773
13,13,0.015478183515369892,0.05268288031220436,0.06968197971582413,0.31995251774787903
14,14,-0.023023398593068123,0.07214436680078506,-0.09329202026128769,0.3480750024318695
15,15,0.0015354625647887588,-0.18118807673454285,-0.14410626888275146,0.599469780921936
16,16,-0.09590703994035721,0.12921005487442017,0.09852925688028336,1.2168785333633423
17,17,0.01571717858314514,-0.1407020390033722,-0.11131179332733154,0.6057072877883911
18,18,0.0022270255722105503,-0.0470455139875412,-0.021632902324199677,0.8250501751899719
19,19,-0.049673426896333694,-0.039907362312078476,-0.059963736683130264,0.6458425521850586
20,20,-0.036047372967004776,-0.11285091191530228,-0.0062982854433357716,0.6980201005935669
21,21,-0.054840411990880966,0.005967296194285154,0.07600060850381851,0.550836980342865
22,22,0.05196516588330269,-0.2745860815048218,-0.11396776139736176,0.7003535032272339
23,23,0.08578678965568542,-0.12219380587339401,-0.1574816256761551,0.9346666932106018
24,24,-0.09220603108406067,0.009805380366742611,0.0022459975443780422,0.7387001514434814
25,25,0.0297960564494133,-0.0673876628279686,-0.040780097246170044,0.4151403307914734
26,26,-0.0008267681114375591,-0.13502947986125946,-0.041483841836452484,0.6032292246818542
27,27,-0.020647475495934486,0.036788683384656906,0.027117164805531502,0.6174948811531067
28,28,-0.013874801807105541,-0.18879762291908264,-0.0879940316081047,0.8421998023986816
29,29,-0.006230397615581751,-0.005268935114145279,0.0010323202004656196,0.8398991823196411
30,30,-0.01478989515453577,-0.04996740445494652,-0.007382930722087622,0.9753240942955017
31,31,-0.01110987737774849,-0.1762695461511612,-0.05819648876786232,1.0027800798416138
32,32,0.01310413796454668,-0.027018453925848007,-0.03643707185983658,1.0464040040969849
33,33,-0.020521214231848717,-0.18676325678825378,-0.07376058399677277,0.8801513910293579
34,34,0.0133366659283638,-0.10884393006563187,-0.035258013755083084,0.8547200560569763
35,35,0.005712117068469524,-0.048423029482364655,-0.016173752024769783,0.8795152902603149
36,36,0.021863022819161415,-0.06853111833333969,-0.016553524881601334,0.9776161909103394
37,37,-0.02240302786231041,-0.10727190971374512,-0.06834341585636139,1.2248386144638062
38,38,0.013346603140234947,-0.06377910822629929,0.004813401028513908,1.0756300687789917
39,39,-0.0630907267332077,-0.0712515264749527,-0.05814261734485626,1.0221413373947144
40,40,0.034889400005340576,0.004673616494983435,0.001303702942095697,0.9614039063453674
41,41,-0.03588620200753212,-0.10896652191877365,-0.02967900224030018,1.2625001668930054
42,42,0.01292283833026886,-0.2622382342815399,-0.0889989584684372,1.23872709274292
43,43,0.017712322995066643,0.01651071012020111,-0.0048467605374753475,1.168074607849121
44,44,-0.00675199693068862,-0.02132301777601242,0.028179006651043892,1.528590202331543
45,45,0.02947879396378994,-0.20661093294620514,-0.16897141933441162,1.348949670791626
46,46,-0.031430453062057495,0.05656576156616211,0.09162797033786774,1.452266812324524
47,47,-0.06840828061103821,-0.08752846717834473,-0.05416060984134674,1.2710705995559692
48,48,0.04870900139212608,-0.04072800651192665,-0.015277009457349777,1.1275702714920044
49,49,-0.011506165377795696,-0.0812414214015007,-0.05864686518907547,1.071040391921997
50,50,-0.004768682643771172,0.05375272035598755,0.057477276772260666,1.0712220668792725
51,51,-0.02409510128200054,-0.13044019043445587,-0.04200320690870285,0.7095301151275635
52,52,0.04248959198594093,0.07444968074560165,0.049386873841285706,0.6595858931541443
53,53,-0.03896990045905113,0.10091798007488251,0.036830510944128036,0.580286979675293
54,54,0.0451919250190258,-0.0427054762840271,-0.06707394123077393,0.5461716055870056
55,55,-0.057174790650606155,-0.07714441418647766,-0.06842219084501266,0.45364007353782654
56,56,-0.0075072795152664185,-0.022332429885864258,-0.04969817027449608,0.35303637385368347
57,57,0.031657956540584564,-0.07192913442850113,-0.0285236407071352,0.3418606221675873
58,58,-0.024422693997621536,-0.11309554427862167,0.005471599288284779,0.28858304023742676
59,59,-0.012895550578832626,-0.06312708556652069,-0.03746433183550835,0.28832417726516724
60,60,-0.017664138227701187,-0.08094648271799088,-0.05510004982352257,0.1859535425901413
61,61,-0.015185496769845486,-0.09131059050559998,-0.07537009567022324,0.23655502498149872
62,62,-0.002357225399464369,-0.07371848821640015,-0.054920464754104614,0.22042524814605713
63,63,-0.03238596394658089,-0.06790272146463394,-0.040710508823394775,0.25508686900138855
64,64,0.014866180717945099,-0.13804714381694794,-0.02574751153588295,0.23395457863807678
65,65,1.8099695807904936e-05,-0.08432075381278992,0.009799400344491005,0.2083359658718109
66,66,-0.010623953305184841,-0.07041030377149582,-0.057652175426483154,0.24242018163204193
67,67,0.02199414372444153,-0.07560081034898758,-0.06766422092914581,0.23169085383415222
68,68,-0.019842013716697693,-0.08070379495620728,-0.06226931884884834,0.18350103497505188
69,69,-0.009873734787106514,-0.2356289029121399,-0.18804772198200226,0.9647697806358337
70,70,-0.004429930821061134,0.06784644722938538,0.14210101962089539,0.7926275134086609
71,71,0.005695198196917772,-0.058870021253824234,-0.05495787784457207,0.8438601493835449
72,72,-0.010048041120171547,-0.12205544114112854,-0.05108010768890381,0.47057172656059265
73,73,-0.010590913705527782,-0.09535524249076843,-0.02054818905889988,0.26158782839775085
74,74,0.023758184164762497,-0.07725445181131363,-0.05700134485960007,0.3194444179534912
75,75,-0.021828509867191315,-0.09025467187166214,-0.030656328424811363,0.5117999911308289
76,76,0.00678808381780982,-0.07797060906887054,-0.024457678198814392,0.38372719287872314
77,77,-0.023861875757575035,-0.11110937595367432,-0.02971998043358326,0.4302526116371155
78,78,0.009934396483004093,-0.08565698564052582,-0.006825409363955259,0.3836260139942169
79,79,-0.0208120197057724,-0.13547232747077942,-0.06489402800798416,0.46236661076545715
80,80,-0.0039177765138447285,-0.09519685804843903,-0.06712726503610611,0.47318702936172485
81,81,-0.020981905981898308,-0.04988699406385422,-0.014246596954762936,0.5373600125312805
82,82,-0.13886487483978271,-0.010213334113359451,-0.0035342397168278694,0.39369699358940125
83,83,0.05236446484923363,-0.041753534227609634,-0.0520482063293457,0.42431917786598206
84,84,0.2054499387741089,-0.1147698387503624,-0.049555230885744095,0.5554041862487793
85,85,0.17893606424331665,0.1118440181016922,0.10399498045444489,0.5318730473518372
86,86,-0.1952764391899109,-0.09014980494976044,0.004315145313739777,0.6585535407066345
87,87,-0.018283842131495476,-0.017978090792894363,0.07422876358032227,0.711666464805603
88,88,0.008166794665157795,0.03562077879905701,0.039865996688604355,0.5468201041221619
89,89,0.0064839390106499195,0.02599424496293068,-0.09750204533338547,0.4156525433063507
90,90,0.001656373031437397,0.20932918787002563,0.19894170761108398,2.653979778289795
91,91,-0.08618178218603134,-0.4486427307128906,-0.2240697145462036,1.472685694694519
92,92,0.00785310473293066,0.09833300858736038,-0.07054562121629715,0.8481602668762207
93,93,0.00037977370084263384,-0.043865349143743515,0.02310202270746231,0.5169090628623962
94,94,-0.0008500921539962292,-0.07526161521673203,-0.0046537392772734165,0.6089696288108826
95,95,0.004511894192546606,-0.10121969878673553,-0.024093404412269592,0.5220720767974854
96,96,0.02126464433968067,-0.04265858605504036,0.012901007197797298,0.6266160607337952
97,97,-0.004179296083748341,-0.13158799707889557,-0.008155564777553082,0.6584364175796509
98,98,-0.014564406126737595,-0.08850279450416565,-0.0182040985673666,0.5942298769950867
99,99,-0.008134536445140839,-0.06526464223861694,0.05219534784555435,0.5053766369819641
100,100,-0.0032938208896666765,0.046866536140441895,0.00549679808318615,0.4095757305622101
101,101,0.0051762135699391365,-0.05825744941830635,-0.09037739038467407,1.057421326637268
102,102,-0.0023723256308585405,0.04656967893242836,0.17098817229270935,2.3090403079986572
103,103,-0.026219036430120468,-0.28572404384613037,-0.22327375411987305,1.068310022354126
104,104,-0.03634162247180939,0.043180614709854126,-0.078410305082798,0.35687875747680664
105,105,-0.04624724015593529,-0.04695555567741394,0.005651908461004496,0.32997065782546997
106,106,0.0802145004272461,-0.07330728322267532,-0.01779748871922493,0.4395589828491211
107,107,0.013184701092541218,-0.11486383527517319,-0.06405641883611679,0.3655353784561157
108,108,-0.015189096331596375,-0.01478496566414833,0.01629488915205002,0.6113433837890625
109,109,0.0409507118165493,-0.12796063721179962,-0.02212545834481716,0.7826971411705017
110,110,-0.01185180526226759,-0.17015723884105682,-0.06086200848221779,0.632209837436676
111,111,0.020395375788211823,-0.038165755569934845,-0.0069525279104709625,0.4728414714336395
112,112,-0.004726164974272251,-0.06140998378396034,-0.028246568515896797,0.47348472476005554
113,113,-0.009920504875481129,-0.12866109609603882,-0.06166999042034149,0.5672999620437622
114,114,-0.00886363536119461,-0.1034407764673233,-0.024528276175260544,0.8557978272438049
115,115,-0.013711313717067242,-0.060698848217725754,-0.035112135112285614,0.649323046207428
116,116,-0.006039298139512539,-0.03801000118255615,0.01254900824278593,0.8852857351303101
117,117,-0.0012206040555611253,-0.053137850016355515,-0.05928483232855797,0.6794666051864624
118,118,-0.009844854474067688,-0.06089797243475914,-0.00444856146350503,0.5547181367874146
119,119,0.01934545859694481,-0.01561321597546339,-0.036341823637485504,0.5354242920875549
120,120,-0.0033577096182852983,-0.04856590926647186,0.007377201225608587,0.3687199652194977
121,121,-0.02164999581873417,0.009329496882855892,0.02393464371562004,0.33274444937705994
122,122,0.009376464411616325,-0.02647242322564125,-0.11908727884292603,0.28452935814857483
123,123,-0.0053606098517775536,0.09212101250886917,0.14643704891204834,2.305900812149048
124,124,-0.132258802652359,-0.3994215726852417,-0.26045355200767517,1.3093434572219849
125,125,0.03958476334810257,0.13378609716892242,0.02730434387922287,0.7284859418869019
126,126,-0.030108196660876274,-0.09165529161691666,-0.04715823754668236,0.4529610574245453
127,127,0.006103139836341143,-0.0630808174610138,-0.003622928634285927,0.300423264503479
128,128,0.03707544878125191,-0.07001721113920212,-0.017199795693159103,0.3701888918876648
129,129,-0.06578060239553452,-0.06431343406438828,0.004799290094524622,0.4091566205024719
130,130,0.007951394654810429,-0.18471969664096832,-0.06658830493688583,0.5138199925422668
131,131,0.01150333508849144,0.012122422456741333,0.026013832539319992,0.6333635449409485
132,132,0.016043128445744514,-0.06917199492454529,-0.05297606810927391,0.5820809006690979
133,133,0.024194898083806038,-0.024579599499702454,-0.03731299936771393,0.4777000844478607
134,134,0.004751317203044891,-0.06695093214511871,-0.05280344560742378,0.5827495455741882
135,135,0.01562817208468914,-0.10458788275718689,-0.049588173627853394,0.5053130984306335
136,136,-0.009627576917409897,-0.13196010887622833,-0.06161767616868019,0.5684645175933838
137,137,0.03550149127840996,-0.0856580063700676,-0.05019799619913101,0.5688069462776184
138,138,-0.004508473444730043,-0.07068808376789093,-0.026422519236803055,0.6693838238716125
139,139,0.008507071994245052,-0.09917203336954117,-0.01031666062772274,0.45788681507110596
140,140,-0.011389405466616154,-0.09696878492832184,-0.04310339316725731,0.6741470098495483
141,141,-0.02190828137099743,-0.013865502551198006,-0.00030292797600850463,0.6636132001876831
142,142,-0.000293938210234046,-0.07999802380800247,-0.002580293221399188,0.5786353349685669
143,143,0.003021297510713339,-0.06582707166671753,-0.07061109691858292,0.6521850824356079
144,144,-0.006498083937913179,-0.09397556632757187,-0.03206535056233406,0.49334338307380676
145,145,0.007882725447416306,-0.042939696460962296,0.0278228260576725,0.4447171688079834
146,146,0.01456365641206503,-0.01115232054144144,0.0277083907276392,0.34168678522109985
147,147,-0.005702929105609655,0.03506230562925339,0.006435406394302845,0.3648909628391266
148,148,-0.002499496331438422,-0.017569292336702347,-0.04906107857823372,0.26035451889038086
149,149,-0.026157574728131294,-0.11689719557762146,-0.1111704409122467,1.059647560119629
150,150,0.0012924927286803722,-0.030942028388381004,0.08211690932512283,1.679599642753601
151,151,0.005683935713022947,0.008408093824982643,-0.11460091173648834,0.7671111822128296
152,152,-0.027725953608751297,-0.13304686546325684,-0.040338389575481415,0.3379364311695099
153,153,-0.003808168228715658,-0.0948864296078682,-0.05419189855456352,0.330206960439682
154,154,-0.011290409602224827,-0.09374668449163437,0.014433424919843674,0.3716566264629364
155,155,0.02178213559091091,-0.047252245247364044,0.0029882893431931734,0.2980717122554779
156,156,0.10269707441329956,-0.10750582814216614,-0.029235247522592545,0.34749194979667664
157,157,-0.006226797588169575,-0.020434297621250153,0.006574898958206177,0.3953929543495178
158,158,-0.005415161605924368,0.026170026510953903,0.016069088131189346,0.3939010500907898
159,159,0.03432505205273628,0.04835370555520058,0.0627623200416565,0.2837706506252289
160,160,-0.016512500122189522,0.03160329908132553,-0.013540702871978283,0.2695010304450989
161,161,0.028159592300653458,-0.009981818497180939,-0.02954237163066864,0.22373634576797485
162,162,0.018406158313155174,0.011304452084004879,0.006243335548788309,0.2438393533229828
163,163,0.05701768398284912,0.07197847962379456,0.05235423147678375,0.3159340023994446
164,164,-0.06988629698753357,0.05836062878370285,-0.029359610751271248,0.4066980481147766
165,165,-0.07023172080516815,0.0032191812060773373,0.0013891012640669942,0.4651000201702118
166,166,-0.06678354740142822,-0.1023510992527008,-0.03480372205376625,0.3639454245567322
167,167,0.02527409978210926,-0.06730060279369354,-0.04718608036637306,0.36914801597595215
168,168,0.01810111105442047,-0.13465632498264313,-0.07801929116249084,0.46517178416252136
169,169,-0.0015135323628783226,-0.05800765007734299,-0.018814140930771828,0.4201412796974182
170,170,-0.0016969959251582623,-0.10164161026477814,-0.028431005775928497,0.45471999049186707
171,171,-0.00038514917832799256,-0.06663481146097183,-0.0007204071735031903,0.36025261878967285
172,172,-0.009634646587073803,-0.07146607339382172,-0.07607857137918472,0.4426080584526062
173,173,-0.012695473618805408,-0.08717050403356552,-0.03914838656783104,0.47144100069999695
174,174,0.009791414253413677,-0.07522278279066086,-0.04466049000620842,0.3742181658744812
175,175,-0.020214861258864403,-0.09138283878564835,-0.04092221334576607,0.5548282861709595
176,176,0.006197710055857897,-0.07835081964731216,-0.03491777181625366,0.48814553022384644
177,177,0.009222789667546749,-0.07018208503723145,-0.009550999850034714,0.5094400644302368
178,178,-0.004791312385350466,-0.04878947138786316,-0.02860240824520588,0.43577176332473755
179,179,0.011197879910469055,-0.10539218783378601,-0.06280677020549774,0.3749595284461975
180,180,-0.024089712649583817,-0.09333691745996475,-0.04937678202986717,0.41508999466896057
181,181,0.005986626725643873,-0.08230291306972504,-0.04076150432229042,0.3304232656955719
182,182,-0.0106861786916852,-0.04779716953635216,0.009962120093405247,0.3506627082824707
183,183,0.007885957136750221,-0.07874462008476257,-0.037188075482845306,0.267586886882782
184,184,-0.005231308750808239,-0.08237668871879578,0.0375710055232048,0.2885759472846985
185,185,0.007075272034853697,0.046290911734104156,0.009151912294328213,0.29162928462028503
186,186,0.0075469715520739555,0.0075462027452886105,-0.06580755114555359,0.2955646514892578
187,187,-0.00011421144154155627,0.060189712792634964,0.04033873975276947,1.494170069694519
188,188,-0.007245657965540886,-0.1818057894706726,-0.06684321910142899,0.6231898665428162
189,189,-0.02240273356437683,-0.09324820339679718,-0.13671043515205383,0.5421615839004517
190,190,-0.011381593532860279,-0.07829222083091736,-0.009705898351967335,0.26769402623176575
191,191,-0.011814648285508156,-0.1007205992937088,-0.015885453671216965,0.24842225015163422
192,192,-0.030944546684622765,-0.07038474082946777,-0.09011530876159668,0.31298279762268066
193,193,0.014841112308204174,-0.0931839719414711,-0.030864447355270386,0.33620402216911316
194,194,0.036595724523067474,-0.04275902360677719,-0.0020617984700948,0.3007350265979767
195,195,-0.03356140851974487,-0.12446845322847366,-0.05350182205438614,0.33950304985046387
196,196,-0.020731808617711067,-0.07599493861198425,-0.0377572625875473,0.31728890538215637
197,197,0.01480590458959341,-0.061430398374795914,0.004181399941444397,0.3561961054801941
198,198,-0.018441814929246902,-0.052588023245334625,-0.0835542306303978,0.32334646582603455
199,199,0.033696968108415604,-0.0770992860198021,-0.05766475200653076,0.35168182849884033
200,200,0.029017645865678787,-0.08879783004522324,-0.05301012098789215,0.3862050771713257
201,201,-0.004600265994668007,-0.07119328528642654,-0.028388995677232742,0.38605761528015137
202,202,-0.012688887305557728,-0.05949842184782028,-0.025451388210058212,0.3925858736038208
203,203,0.00649827066808939,-0.10839716345071793,-0.05620427057147026,0.35810309648513794
204,204,0.020308688282966614,-0.07162518799304962,-0.03333315625786781,0.3735080361366272
205,205,0.002749695209786296,-0.13541626930236816,-0.05004504323005676,0.46967577934265137
206,206,0.023782065138220787,-0.07220040261745453,-0.014781614765524864,0.7579534649848938
207,207,-0.03198619931936264,-0.028089797124266624,-0.01743139699101448,0.6700600385665894
208,208,0.008401620201766491,-0.13101141154766083,-0.08145536482334137,0.44643428921699524
209,209,0.028915053233504295,-0.07818929851055145,-0.037094827741384506,0.5010372996330261
210,210,-0.022912198677659035,-0.09134040027856827,-0.03933817520737648,0.46401217579841614
211,211,-0.017753297463059425,-0.07511669397354126,-0.041533902287483215,0.5183532238006592
212,212,0.004440704360604286,-0.08507373183965683,-0.04842907935380936,0.607304036617279
213,213,0.02298666723072529,-0.05312130227684975,-0.03446534276008606,0.7032020092010498
214,214,0.001313893822953105,-0.15140672028064728,-0.028658008202910423,0.6432720422744751
215,215,0.006222213618457317,-0.05057445168495178,-0.029045263305306435,0.5576666593551636
216,216,-0.029621217399835587,-0.08909706026315689,-0.0032764666248112917,0.4620656371116638
217,217,0.010196398943662643,-0.03576531261205673,0.04355589300394058,0.5243769288063049
218,218,-0.006922378204762936,0.00825575739145279,0.008709796704351902,0.364298015832901
219,219,-0.019110308960080147,0.008610095828771591,-0.040351420640945435,0.9336767196655273
220,220,0.06031251326203346,-0.05211639404296875,-0.09562721848487854,0.6029292941093445
221,221,0.001174097997136414,-0.04344290867447853,-0.02791343629360199,0.2368450164794922
222,222,-0.0011671710526570678,-0.028704941272735596,0.01893899217247963,0.23034748435020447
223,223,-0.022810103371739388,-0.0701543539762497,-0.08234214037656784,0.30333131551742554
224,224,-0.0010098080383613706,-0.027516933158040047,-0.005569804459810257,0.19482304155826569
225,225,0.01700030080974102,-0.05077756196260452,-0.06678584218025208,0.18762120604515076
226,226,0.009916169568896294,-0.04423041269183159,-0.016283951699733734,0.180236354470253
227,227,-0.008877836167812347,-0.020621400326490402,-0.0060380008071660995,0.3343360424041748
228,228,-0.01893969066441059,-0.03428192064166069,-0.042172033339738846,0.286998987197876
229,229,-0.11309574544429779,-0.10474155843257904,-0.08793413639068604,0.6260101795196533
230,230,0.02622080408036709,-0.1189814954996109,-0.04829252511262894,0.8214031457901001
231,231,-0.02394270710647106,-0.0052869911305606365,-0.0029863074887543917,0.482977032661438
232,232,0.008292147889733315,-0.07424725592136383,-0.016833176836371422,0.366301953792572
233,233,0.00799489114433527,-0.10102121531963348,-0.045239366590976715,0.3531050980091095
234,234,-0.004283896181732416,-0.127972811460495,-0.07255961000919342,0.4103938937187195
235,235,-0.028996342793107033,-0.04215788096189499,-0.013729807920753956,0.387858510017395
236,236,0.0066638365387916565,-0.08705122768878937,-0.040770795196294785,0.343961626291275
237,237,0.022587500512599945,-0.08486451208591461,-0.042347993701696396,0.5388091802597046
238,238,0.004984929692000151,-0.16398271918296814,-0.04860565811395645,0.6354241371154785
239,239,0.017984138801693916,-0.013613640330731869,0.06151903420686722,0.8381715416908264
240,240,0.0021765518467873335,-0.013155748136341572,0.1397460699081421,0.5356868505477905
241,241,-0.009035501629114151,0.05281268060207367,-0.039334990084171295,0.3621130883693695
242,242,0.009517312981188297,0.0819859653711319,-0.03846081718802452,0.39447876811027527
243,243,-0.007767274044454098,-0.04280131682753563,-0.03762363642454147,0.6568081974983215
244,244,-0.017386000603437424,-0.15422435104846954,-0.12790358066558838,0.4607659876346588
245,245,-0.0069220224395394325,-0.031816836446523666,-0.04515200853347778,0.3444565534591675
246,246,-0.008690202608704567,-0.06510110199451447,-0.022339830175042152,0.30787476897239685
247,247,0.016414010897278786,-0.11779890954494476,-0.0361182801425457,0.357316255569458
248,248,0.015132998116314411,-0.08980903774499893,-0.011446300894021988,0.4593990743160248
249,249,-0.02633153833448887,-0.1414410024881363,-0.057676658034324646,0.4158373475074768
250,250,0.009894242510199547,-0.07911111414432526,-0.03131537139415741,0.472201943397522
251,251,-0.007894197478890419,-0.0667577013373375,-0.011467993259429932,0.5263199210166931
252,252,0.009677689522504807,-0.04265858978033066,0.005437879823148251,0.45107677578926086
253,253,-0.017071833834052086,-0.050852466374635696,-0.06853961199522018,0.2671949863433838
254,254,0.012729998677968979,-0.07915779203176498,-0.07579030096530914,0.2443460077047348
255,255,-0.01670869067311287,-0.0889248475432396,-0.04417967051267624,0.45719197392463684
256,256,0.0005652204854413867,-0.09720101952552795,-0.10362063348293304,0.33991119265556335
257,257,-0.016089290380477905,-0.06418079882860184,-0.07439323514699936,0.2901364266872406
258,258,0.01191120408475399,-0.08562061190605164,0.007482925429940224,0.2844090163707733
259,259,-0.025050604715943336,-0.0939466580748558,-0.040447577834129333,0.3008494973182678
260,260,0.002474140841513872,-0.11346440017223358,-0.052128490060567856,0.33662739396095276
261,261,0.01604759693145752,-0.11840140074491501,-0.040089201182127,0.29233890771865845
262,262,-0.0038258545100688934,-0.1059604063630104,-0.01572282426059246,0.3256111443042755
263,263,0.006928644608706236,-0.06602910161018372,-0.050106968730688095,0.2837839126586914
264,264,-0.001662303926423192,-0.09226888418197632,-0.06321863830089569,0.20239801704883575
265,265,-0.005127776879817247,-0.04567817598581314,-0.08055656403303146,0.20081816613674164
266,266,-0.002114646602421999,-0.04953837767243385,-0.07441841065883636,0.31078991293907166
267,267,-0.038105450570583344,-0.1025022640824318,-0.012297573499381542,0.2689293324947357
268,268,0.010797202587127686,-0.06664400547742844,-0.012479998171329498,0.3114689886569977
269,269,-0.005898342467844486,-0.0843549370765686,-0.043455470353364944,0.3463938534259796
270,270,0.026576461270451546,-0.04853998124599457,-0.01583474688231945,0.33147183060646057
271,271,0.02922219969332218,-0.08444038033485413,-0.05234149470925331,0.38067302107810974
272,272,0.07132828235626221,-0.11030128598213196,-0.032157979905605316,0.34664657711982727
273,273,0.04293040931224823,-0.033553093671798706,0.007753838784992695,0.3519354462623596
274,274,0.0035351768601685762,-0.0475551076233387,-0.017086965963244438,0.3585667014122009
275,275,-0.10789522528648376,-0.023024093359708786,-0.011246303096413612,0.3111099898815155
276,276,-0.07135656476020813,-0.09964856505393982,-0.04894242063164711,0.5546566843986511
277,277,0.05692382901906967,-0.07083913683891296,-0.05551717430353165,0.3293839395046234
278,278,0.02283550426363945,-0.054140616208314896,-0.009342193603515625,1.1867903470993042
279,279,-0.04293292760848999,-0.13333788514137268,-0.062228281050920486,0.46915149688720703
280,280,-0.00421705050393939,-0.08200401067733765,-0.041299980133771896,0.46730300784111023
281,281,-0.03489198908209801,-0.08042918890714645,-0.028083981946110725,0.5281398892402649
282,282,0.04066110774874687,-0.12566091120243073,-0.05917242169380188,0.4725757837295532
283,283,-0.05574042722582817,-0.033874839544296265,0.010361319407820702,0.4347878694534302
284,284,0.04609030485153198,-0.04086938500404358,-0.04715616628527641,0.4942525327205658
285,285,0.0754619613289833,-0.07126300036907196,-0.0321279875934124,0.46785104274749756
286,286,-0.03806035593152046,-0.13320565223693848,-0.06553732603788376,0.3746757209300995
287,287,-0.004007874522358179,-0.07749546319246292,-0.04030747711658478,0.3484574854373932
288,288,0.008280987851321697,-0.0748545303940773,-0.03301098942756653,0.5324511528015137
289,289,-0.03772282227873802,-0.06426068395376205,-0.04487958922982216,0.8324235081672668
290,290,0.05136417970061302,-0.016763323917984962,-0.017503229901194572,0.6063486933708191
291,291,-0.026165904477238655,-0.08396400511264801,-0.005220274906605482,0.9574569463729858
292,292,0.00797363929450512,-0.03269799426198006,-0.007966265082359314,0.5457766652107239
293,293,-0.006146260537207127,-0.08024304360151291,-0.05964422598481178,0.37237972021102905
294,294,0.006980004720389843,-0.050464946776628494,-0.05504346638917923,0.3437151610851288
295,295,-0.04104730486869812,-0.0691547766327858,-0.046285804361104965,0.3225919306278229
296,296,0.017327358946204185,-0.06956543773412704,-0.010195954702794552,0.2964586317539215
297,297,-0.0077259596437215805,-0.06567776203155518,-0.08212894946336746,0.2656596302986145
298,298,0.011256205849349499,-0.020207637920975685,0.047900695353746414,0.32607898116111755
299,299,-0.04081747308373451,-0.14024104177951813,-0.06711919605731964,2.1941516399383545
300,300,-0.001558278570882976,-0.1544354110956192,-0.1058298870921135,0.9717375040054321
301,301,0.019396327435970306,0.01734240911900997,0.013638031668961048,0.5054530501365662
302,302,-0.04527593404054642,-0.09296554327011108,-0.05902929976582527,0.32764342427253723
303,303,0.0011539404513314366,-0.09195992350578308,-0.021963028237223625,0.32495051622390747
304,304,0.011735184118151665,-0.11940877884626389,-0.07795333862304688,0.30641821026802063
305,305,-0.0456678569316864,-0.1106620579957962,0.003301596734672785,0.3920169472694397
306,306,-0.017421824857592583,-0.056240443140268326,-0.038368888199329376,0.284496009349823
307,307,-0.038855552673339844,-0.06209395453333855,-0.054915543645620346,0.3216888904571533
308,308,0.008725803345441818,-0.039956122636795044,0.0005611098022200167,0.27483105659484863
309,309,0.09597524255514145,-0.05831286311149597,-0.02093101292848587,0.3100404441356659
310,310,0.011246965266764164,-0.08972132951021194,-0.02059868536889553,0.2802332937717438
311,311,-0.017983652651309967,-0.016862574964761734,0.05166870355606079,2.7805962562561035
312,312,-0.05015599727630615,-0.05748598277568817,-0.04684600979089737,1.304590106010437
313,313,0.025199497118592262,-0.10885961353778839,-0.08924464881420135,0.538497805595398
314,314,-0.0033618223387748003,-0.04979969188570976,-0.026129186153411865,0.28768783807754517
315,315,-0.02764780819416046,-0.10623402893543243,-0.008616278879344463,0.34343796968460083
316,316,0.004108448047190905,-0.09321042150259018,-0.024537060409784317,0.29934749007225037
317,317,-0.004527064971625805,-0.0921391174197197,-0.021716168150305748,0.3647848963737488
318,318,-0.0034158744383603334,-0.07591980695724487,-0.036104388535022736,0.3749499022960663
319,319,-0.02453252300620079,-0.07871153205633163,-0.025707080960273743,0.3670141398906708
320,320,0.01261308416724205,-0.12730495631694794,-0.052633121609687805,0.4738181531429291
321,321,0.02689945325255394,-0.03618141636252403,-0.035992931574583054,0.42566657066345215
322,322,-0.04027099534869194,-0.04855549708008766,-0.03202429413795471,0.31038492918014526
323,323,0.10946636646986008,-0.042300745844841,-0.020121000707149506,0.3367677628993988
324,324,-0.05088049918413162,-0.060438189655542374,-0.04327869042754173,0.302663654088974
325,325,0.012823893688619137,0.002810318488627672,0.005241396836936474,0.2244550585746765
326,326,0.004674940835684538,-0.05249909684062004,-0.026620620861649513,0.3153393864631653
327,327,-0.04718010872602463,-0.0121877770870924,-0.00664022471755743,0.2556697428226471
328,328,-0.06065225228667259,-0.05422832816839218,-0.013391791842877865,0.2417670488357544
329,329,-0.023010514676570892,-0.033967554569244385,0.0350428968667984,0.15244343876838684
330,330,0.02821393869817257,-0.02112121321260929,-0.1190381869673729,0.26881101727485657
331,331,-0.004423236008733511,-0.08371919393539429,-0.030924243852496147,0.18198487162590027
332,332,0.012109300121665001,-0.08740657567977905,-0.027645597234368324,0.14843298494815826
333,333,0.0012319996021687984,-0.06030454859137535,-0.054652415215969086,0.1526898592710495
334,334,-0.032392483204603195,-0.08288756012916565,-0.04119862616062164,0.18111614882946014
335,335,-0.006082202307879925,-0.060685895383358,-0.0513697974383831,0.20483404397964478
336,336,-0.0030065651517361403,-0.08200635761022568,-0.0464845634996891,0.21374846994876862
337,337,-0.019889287650585175,-0.050676751881837845,-0.09483364969491959,0.20414948463439941
338,338,0.049878839403390884,-0.12149572372436523,0.041735392063856125,0.29058197140693665
339,339,0.0004439340264070779,-0.0594392754137516,-0.09275522828102112,0.23892126977443695
340,340,0.015392777509987354,-0.0876789391040802,-0.03569606691598892,0.1267899125814438
341,341,0.011983063071966171,-0.03171997144818306,-0.09852955490350723,0.17245958745479584
342,342,0.0038264035247266293,-0.09297170490026474,0.018043793737888336,0.23423705995082855
343,343,-0.03544878959655762,-0.04741726815700531,-0.01532636396586895,0.24761918187141418
344,344,-0.01649182289838791,-0.08144211769104004,-0.042430900037288666,0.3238464891910553
345,345,0.006493703927844763,-0.12702423334121704,-0.05578719079494476,0.4150729477405548
346,346,-0.039270609617233276,-0.09916868060827255,-0.03223021700978279,0.519909143447876
347,347,0.032182831317186356,-0.09804242849349976,-0.02723727561533451,0.5570200681686401
348,348,-0.009161524474620819,-0.051283735781908035,0.0014337984612211585,0.4269193708896637
349,349,0.0149940000846982,-0.09272417426109314,-0.055668801069259644,0.28565606474876404
350,350,-0.008441614918410778,-0.02763104997575283,-0.057779375463724136,0.3245050013065338
351,351,0.010377473197877407,-0.09027829766273499,-0.02890969067811966,0.2902686893939972
352,352,0.004008040763437748,-0.09602430462837219,-0.02394707500934601,0.2840019762516022
353,353,-0.014412020333111286,-0.050796572118997574,-0.07988470047712326,0.3285353183746338
354,354,-0.00594868790358305,-0.08665460348129272,-0.031660813838243484,0.2714100778102875
355,355,0.01173850055783987,-0.07813889533281326,0.026684409007430077,0.2990109324455261
356,356,-0.03190121054649353,0.19543200731277466,0.09141451865434647,0.6992303133010864
357,357,-0.036852702498435974,-0.49340200424194336,-0.2100929319858551,1.9557573795318604
358,358,-0.042929697781801224,-0.012727566063404083,-0.03858989104628563,0.8395252227783203
359,359,0.04678419977426529,-0.03603430837392807,-0.023020606487989426,0.49518612027168274
360,360,-0.0010698570404201746,-0.0592493861913681,-0.0373360700905323,0.31563329696655273
361,361,0.013527070172131062,-0.10910093784332275,-0.05248485133051872,0.5482584834098816
362,362,-0.00928330048918724,-0.039493903517723083,0.007078217342495918,0.5933400988578796
363,363,0.06862746179103851,-0.12440519779920578,-0.01264141034334898,0.4750758111476898
364,364,-0.024142002686858177,-0.033027566969394684,-0.07554242014884949,0.5329889059066772
365,365,0.12125220149755478,-0.06636042892932892,-0.00034659996163100004,0.5472459197044373
366,366,0.11302991211414337,0.1900792419910431,0.1709468513727188,0.5601617097854614
367,367,0.07900585979223251,0.20085622370243073,0.11614852398633957,0.6889292597770691
368,368,-0.011317877098917961,0.18680915236473083,0.07183211296796799,0.6794241666793823
369,369,-0.2612926959991455,0.0014129290357232094,-0.040953997522592545,0.5592899918556213
370,370,0.09265416860580444,-0.09856261312961578,-0.05736101046204567,0.708202064037323
371,371,-0.014696873724460602,-0.05121292546391487,-0.01719653233885765,0.5476282238960266
372,372,0.037541601806879044,-0.032250020653009415,0.0013418972957879305,0.579259991645813
373,373,-0.021926969289779663,-0.08442322164773941,-0.027736349031329155,0.5635960698127747
374,374,0.0011211124947294593,-0.11913099139928818,-0.06290283054113388,0.42529296875
375,375,0.03594479709863663,-0.05742260441184044,-0.024032993242144585,0.5293301343917847
376,376,-0.024419602006673813,-0.07439462840557098,-0.0528302863240242,0.6675352454185486
377,377,0.012340069748461246,-0.07955363392829895,-0.02685404382646084,0.6511514186859131
378,378,-0.07345282286405563,-0.10824396461248398,-0.041302140802145004,0.7119798064231873
379,379,0.024628525599837303,-0.14476948976516724,-0.049430001527071,1.1798195838928223
380,380,0.037863295525312424,-0.041849285364151,-0.025950105860829353,0.7041817903518677
381,381,-0.03608059883117676,-0.057619817554950714,-0.030360911041498184,0.5922222137451172
382,382,0.008691605180501938,-0.09674935042858124,-0.024069098755717278,0.5659160017967224
383,383,0.0005418778746388853,-0.08946317434310913,-0.038090214133262634,0.44444942474365234
384,384,0.011200608685612679,-0.08506190776824951,-0.00410100631415844,0.5691009163856506
385,385,0.0986701250076294,0.016638383269309998,-0.008967671543359756,0.48374032974243164
386,386,-0.04827164486050606,-0.03970089182257652,-0.0063565014861524105,0.6526499390602112
387,387,-0.06302918493747711,-0.047064632177352905,-0.030267881229519844,0.44607073068618774
388,388,0.03581979498267174,-0.11233580112457275,-0.06408899277448654,0.5024383068084717
389,389,-0.04081768915057182,0.019281994551420212,0.0182030089199543,1.2076400518417358
390,390,-0.10189647227525711,-0.056330010294914246,-0.03241342678666115,0.46900099515914917
391,391,-0.0038247478660196066,-0.09011687338352203,-0.0015221545472741127,0.4849061369895935
392,392,0.012574205175042152,-0.029015304520726204,0.04852009937167168,0.40289008617401123
393,393,0.009545359760522842,0.012737070210278034,-0.04794150963425636,0.29848793148994446
394,394,0.035478174686431885,-0.04070156812667847,0.0674302950501442,0.34174346923828125
395,395,-0.003644370473921299,0.08154529333114624,-0.07187969237565994,0.3048495054244995
396,396,-0.01280050165951252,-0.35133689641952515,-0.26513993740081787,1.2125943899154663
397,397,0.012311716563999653,0.1990174502134323,0.33220401406288147,1.182151436805725
398,398,0.0001767730718711391,-0.07233313471078873,-0.17360812425613403,0.6583999395370483
399,399,-0.03522683307528496,-0.09690576791763306,-0.07593019306659698,0.2304760217666626
400,400,-0.022845499217510223,-0.1356157511472702,-0.025700807571411133,0.19784751534461975
401,401,-0.012234958820044994,-0.06542257219552994,-0.06089412793517113,0.21601112186908722
402,402,0.021452803164720535,-0.08634660392999649,-0.03873169794678688,0.234935000538826
403,403,-0.007058922201395035,-0.06834474951028824,-0.030534643679857254,0.2533465027809143
404,404,0.011450083926320076,-0.09908466786146164,-0.06478989869356155,0.4926626682281494
405,405,0.12040920555591583,-0.07574743777513504,-0.009912019595503807,0.6097373366355896
406,406,0.08762595057487488,-0.027602797374129295,0.030135614797472954,0.4246060252189636
407,407,0.016935251653194427,0.07516595721244812,0.03577636182308197,0.4575929343700409
408,408,0.03562202304601669,0.1369391679763794,0.05483414977788925,0.5073626041412354
409,409,0.1198890283703804,0.08469118922948837,0.11463620513677597,0.484578937292099
410,410,0.059487611055374146,0.24522052705287933,0.15654920041561127,0.5717253088951111
411,411,0.024125248193740845,0.13585080206394196,0.06677636504173279,0.48494935035705566
412,412,0.0030619243625551462,0.12079180777072906,0.039964646100997925,0.41295453906059265
413,413,0.04783409461379051,0.11884737759828568,0.07195079326629639,0.5070599913597107
414,414,0.03086342290043831,0.119278684258461,0.09777273237705231,0.4082566201686859
415,415,-0.02353554591536522,0.028560878708958626,0.01619596965610981,0.42961105704307556
416,416,0.02184189483523369,0.11381465941667557,0.01525710429996252,0.41208112239837646
417,417,-0.028769219294190407,0.023374829441308975,-0.0007990898448042572,0.323642373085022
418,418,-0.010525042191147804,0.04024888202548027,0.0028929319232702255,0.3844747841358185
419,419,-0.11664781719446182,-0.07491771131753922,-0.03704401105642319,0.34650298953056335
420,420,-0.06632715463638306,-0.05471343174576759,-0.014836571179330349,0.5098382830619812
421,421,0.029922721907496452,-0.04351101815700531,-0.01878676936030388,0.4728485345840454
422,422,0.022426575422286987,-0.19168132543563843,-0.11339318752288818,0.5475172400474548
423,423,-0.003611502004787326,-0.022414864972233772,-0.009886945597827435,0.48081889748573303
424,424,0.00616424297913909,-0.10649461299180984,-0.06370188295841217,0.5228788256645203
425,425,0.026007317006587982,-0.056214842945337296,-0.016480199992656708,0.6344494223594666
426,426,-0.025054194033145905,-0.07480676472187042,0.017012005671858788,0.702379047870636
427,427,0.00025222322437912226,-0.12133440375328064,-0.05750938504934311,0.602636456489563
428,428,0.013938616961240768,-0.100410096347332,-0.06866449862718582,0.48779502511024475
429,429,-0.013225819915533066,-0.11330888420343399,-0.06358259171247482,0.5740000009536743
430,430,0.004736060742288828,-0.11466605216264725,-0.08734627068042755,0.6884139776229858
431,431,0.007167680189013481,-0.06787807494401932,-0.0360056608915329,0.7273533344268799
432,432,-4.312877717893571e-05,-0.07165614515542984,-0.020365647971630096,0.5766463875770569
433,433,0.012106102891266346,-0.1789969950914383,-0.10979250818490982,0.6667300462722778
434,434,-0.026409290730953217,-0.034389909356832504,-0.011711102910339832,0.8807979822158813
435,435,0.030634118244051933,-0.08277979493141174,-0.014482221566140652,0.5763432383537292
436,436,-0.006143498234450817,-0.09744027256965637,-0.059128858149051666,0.4696880578994751
437,437,0.02872505411505699,-0.08922988921403885,-0.05028686299920082,0.6326060891151428
438,438,-0.016828685998916626,-0.07177504152059555,0.02560959756374359,0.5514445900917053
439,439,0.0005927880993112922,0.025277188047766685,0.045494209975004196,0.45669907331466675
440,440,-0.045260194689035416,-0.00547301908954978,-0.072638601064682,0.38637885451316833
441,441,-0.003107269061729312,-0.053473129868507385,0.03901331499218941,0.3547576665878296
442,442,-0.02075858600437641,0.034340452402830124,-0.01210393663495779,0.28404250741004944
443,443,-0.006152638699859381,-0.050152286887168884,-0.016341300681233406,0.30866697430610657
444,444,0.015762872993946075,0.0464460551738739,-0.0013212270569056273,1.498313069343567
445,445,-0.016179999336600304,-0.14993637800216675,-0.06195788457989693,0.5571727752685547
446,446,-0.021665191277861595,-0.10230279713869095,-0.14156681299209595,0.5798709988594055
447,447,-0.003224040614441037,-0.03570227324962616,-0.011677267961204052,0.2677817642688751
448,448,0.005916210822761059,-0.05848465487360954,-0.01428999938070774,0.36208581924438477
449,449,0.028854552656412125,-0.04740172252058983,0.002637219149619341,0.415340393781662
450,450,-0.03584079071879387,-0.1624850332736969,-0.06996209919452667,0.4342319369316101
451,451,-0.02726595290005207,-0.04821152612566948,-0.019393842667341232,0.4655534625053406
452,452,0.032066259533166885,-0.1220482587814331,-0.06257148832082748,0.5063433647155762
453,453,0.009679500013589859,-0.09776988625526428,0.006165993399918079,0.45652902126312256
454,454,-0.015227798372507095,-0.06919414550065994,-0.061725858598947525,0.525855541229248
455,455,-0.01414045412093401,-0.0815543532371521,-0.05967627465724945,0.4535152018070221
456,456,-0.017939288169145584,-0.10095799714326859,-0.029374687001109123,0.5252399444580078
457,457,0.03492061048746109,-0.0774451494216919,-0.03488666191697121,0.41614753007888794
458,458,-0.05170245096087456,-0.07804323732852936,-0.018774142488837242,0.650212287902832
459,459,0.01681140996515751,-0.10982082784175873,-0.07101614028215408,0.6140050888061523
460,460,-0.0038076003547757864,-0.08374497294425964,-0.007665005978196859,0.558241069316864
461,461,-0.026853712275624275,-0.15811190009117126,-0.07157091051340103,0.6950504779815674
462,462,0.021177154034376144,-0.04448473080992699,-0.02276262640953064,0.7411917448043823
463,463,-0.00640319986268878,-0.09033489972352982,-0.03992249816656113,0.5346618890762329
464,464,-0.004725758917629719,-0.11823000758886337,-0.04112020134925842,0.47891923785209656
465,465,0.0199048463255167,-0.04770404100418091,-0.011586266569793224,0.5811313390731812
466,466,-0.005790699273347855,-0.0203092098236084,0.047609709203243256,0.4428189992904663
467,467,-0.0042180814780294895,-0.03593587130308151,-0.008066256530582905,0.3028838038444519
468,468,-0.014234688133001328,-0.02569393999874592,-0.041928187012672424,0.31751513481140137
469,469,-0.017082441598176956,-0.004160299897193909,-0.06503333151340485,0.2785201072692871
470,470,0.01588469184935093,0.05262698978185654,0.1152690127491951,2.1882216930389404
471,471,0.023753536865115166,-0.24364550411701202,-0.12064645439386368,1.0186020135879517
472,472,-0.0674925148487091,-0.1070980653166771,-0.12508878111839294,0.7367976307868958
473,473,0.039764005690813065,-0.0274755097925663,-0.02793794684112072,0.28487005829811096
474,474,-0.02669142559170723,-0.14859715104103088,-0.024010175839066505,0.33903130888938904
475,475,0.025516869500279427,-0.11257414519786835,-0.00764241861179471,0.2986404597759247
476,476,-0.014965356327593327,-0.08714156597852707,-0.04565040394663811,0.29322218894958496
477,477,-0.010859603062272072,-0.06289198249578476,-0.037285495549440384,0.2730349600315094
478,478,0.005341114476323128,-0.05065710470080376,-0.03188334032893181,0.2253737449645996
479,479,-0.016677508130669594,-0.08936266601085663,-0.07389111071825027,0.20792929828166962
480,480,-0.006577628199011087,-0.0482604019343853,-0.028094498440623283,0.24850498139858246
481,481,-0.015896853059530258,-0.11828301846981049,-0.07341846078634262,0.3477656841278076
482,482,-0.045278094708919525,-0.20160531997680664,-0.09531810134649277,0.35931307077407837
483,483,0.009480501525104046,-0.015804000198841095,0.05088220164179802,0.32853594422340393
484,484,0.026908282190561295,-0.04366323724389076,-0.07459686696529388,0.418245404958725
485,485,0.0694657489657402,-0.051599688827991486,-0.030564749613404274,0.35555052757263184
486,486,-0.012881665490567684,-0.06777262687683105,-0.10087615996599197,0.3259303569793701
487,487,0.017740685492753983,-0.04445250332355499,-0.05711130052804947,0.34381598234176636
488,488,-0.03374491259455681,-0.10567547380924225,-0.03505698963999748,0.4249706566333771
489,489,-0.03695201873779297,-0.09457999467849731,-0.026056265458464622,0.5055090188980103
490,490,0.003715198254212737,-0.10068893432617188,-0.029556097462773323,0.5533600449562073
491,491,0.03778867796063423,-0.06637225300073624,-0.03984899818897247,0.6651111841201782
492,492,0.05241010710597038,-0.12146151065826416,-0.05288626626133919,0.6475375294685364
493,493,-0.04172910377383232,0.023632023483514786,0.02346600778400898,0.9086300134658813
494,494,-0.040021102875471115,-0.21746262907981873,-0.10421717166900635,1.056198000907898
495,495,0.005444048438221216,-0.02260051667690277,0.029585350304841995,1.1443533897399902
496,496,0.02802353724837303,-0.18863379955291748,-0.09573432058095932,1.0468885898590088
497,497,-0.018528399989008904,-0.12001179903745651,-0.05354299396276474,1.1128199100494385
498,498,-0.02603798173367977,0.06128014996647835,0.06573163717985153,1.0458178520202637
499,499,0.004419494885951281,-0.17107395827770233,-0.09835757315158844,1.1276564598083496
500,500,0.009988797828555107,-0.0929219052195549,-0.048479996621608734,1.205030083656311
501,501,-0.004111113492399454,-0.062360599637031555,-0.0356220081448555,1.0110101699829102
502,502,-0.01104979682713747,-0.16439293324947357,-0.09375804662704468,1.0707472562789917
503,503,-0.021392403170466423,-0.04090198874473572,-0.01348599698394537,1.2644399404525757
504,504,0.002522928174585104,-0.022671394050121307,0.002863833913579583,0.796542227268219
505,505,-0.008280910551548004,-0.15248793363571167,-0.0777939036488533,0.8039293885231018
506,506,-9.778382809599862e-05,-0.1359139382839203,-0.09421879053115845,0.9329394102096558
507,507,0.03796186298131943,-0.053386393934488297,-0.03949630632996559,0.9195098876953125
508,508,-0.045085251331329346,-0.052580296993255615,-0.018678786233067513,0.7561211585998535
509,509,-0.012175492942333221,-0.04032909497618675,-0.0404776893556118,0.9150100350379944
510,510,-0.013996987603604794,-0.08516374230384827,-0.07309138029813766,1.0430099964141846
511,511,0.017604615539312363,-0.08278203010559082,-0.07329212874174118,0.7661614418029785
512,512,-0.002898578066378832,-0.16065168380737305,-0.07071113586425781,1.1288784742355347
513,513,0.010188885033130646,-0.044024042785167694,-0.022737180814146996,1.065848469734192
514,514,-0.0247556921094656,-0.04206836596131325,-0.005417600739747286,0.9724098443984985
515,515,0.030853237956762314,-0.1497565358877182,-0.0450504869222641,1.5056262016296387
516,516,-0.05952425301074982,-0.11884988844394684,-0.04159491881728172,1.4437172412872314
517,517,0.07072701305150986,0.04760409891605377,0.04849401116371155,0.832906186580658
518,518,-0.00978293176740408,-0.04492929205298424,-0.010645459406077862,0.8748182058334351
519,519,-0.058991607278585434,-0.1274222433567047,-0.01752021536231041,0.9601514935493469
520,520,-0.0016768890200182796,0.01782459393143654,-0.016594214364886284,1.0619701147079468
521,521,-0.10931213200092316,-0.15156234800815582,-0.12814846634864807,0.8967474699020386
522,522,0.08248535543680191,-0.009930616244673729,-0.005585558712482452,0.7363939881324768
523,523,0.00015931982488837093,-0.06090868264436722,-0.10849706828594208,0.505868673324585
524,524,-0.0037052819970995188,-0.07882869988679886,-0.05106399580836296,0.36445003747940063
525,525,-0.01878596842288971,-0.033477820456027985,0.0010658601531758904,0.5064454078674316
526,526,-0.011439311318099499,-0.16926351189613342,-0.08387061208486557,0.5521747469902039
527,527,-0.0424778088927269,-0.018299996852874756,0.007111901417374611,0.784079909324646
528,528,0.0139089897274971,-0.057439908385276794,-0.015371817164123058,0.5842827558517456
529,529,0.020408978685736656,-0.0738317221403122,-0.04754140228033066,0.7427678108215332
530,530,0.0016790053341537714,-0.1702369898557663,-0.06361955404281616,0.7881850600242615
531,531,-0.03463343530893326,-0.05211442708969116,-0.024322420358657837,0.6499191522598267
532,532,0.04289071634411812,-0.13618333637714386,-0.07480352371931076,0.5971332788467407
533,533,-0.00471888855099678,-0.1321922391653061,-0.05955715849995613,0.5348393321037292
534,534,0.004240900743752718,-0.044656604528427124,-0.0046865022741258144,0.7076729536056519
535,535,-0.03572716936469078,-0.17452482879161835,-0.048321228474378586,0.7337878942489624
536,536,0.018167078495025635,-0.004612128250300884,-0.019618190824985504,0.814949631690979
537,537,-0.019004303961992264,-0.08256129920482635,-0.025320999324321747,0.8106299638748169
538,538,0.013599296100437641,-0.05731058120727539,-0.038587573915719986,0.782909095287323
539,539,0.005624847952276468,-0.09651082009077072,-0.0602010153234005,0.6344676613807678
540,540,0.022607402876019478,-0.029423009604215622,0.02206069976091385,0.7061912417411804
541,541,0.001160596264526248,-0.08401519805192947,0.06770756840705872,0.7910724878311157
542,542,0.023875294253230095,0.13458365201950073,0.1283554881811142,0.5916262865066528
543,543,-0.014748483896255493,0.02347545139491558,-0.08870153874158859,0.4523232877254486
544,544,-0.026489203795790672,0.023511501029133797,-0.03461729362607002,0.3552190363407135
545,545,-0.023030295968055725,-0.0707039088010788,-0.08004377782344818,0.18569596111774445
546,546,0.009734055958688259,-0.09573401510715485,-0.029024245217442513,0.23985354602336884
547,547,-0.037998002022504807,-0.05637020617723465,-0.07004976272583008,0.2069999724626541
548,548,0.02271922491490841,-0.07083846628665924,-0.08978906273841858,0.2619929015636444
549,549,-0.016316160559654236,-0.0697355717420578,-0.0032785814255476,0.34327369928359985
550,550,-0.019241202622652054,-0.08147981762886047,-0.031168987974524498,0.34828782081604004
551,551,-0.009915994480252266,-0.14232462644577026,-0.009411301463842392,0.3913170099258423
552,552,-0.013632268644869328,-0.07079656422138214,-0.008286364376544952,0.39928171038627625
553,553,0.022209974005818367,-0.0941542536020279,-0.013862931169569492,0.4896969795227051
554,554,-0.012178301811218262,-0.03817535936832428,-0.08698851615190506,0.45337000489234924
555,555,0.09530412405729294,-0.006993283983319998,0.009979904629290104,1.6261111497879028
556,556,0.03474493324756622,-0.024248484522104263,-0.011004744097590446,0.7128454446792603
557,557,-0.11662957817316055,-0.13084253668785095,-0.15385574102401733,0.661389946937561
558,558,-0.01410313043743372,-0.10066483169794083,-0.0038490898441523314,0.4055444002151489
559,559,0.0004461566568352282,-0.08968270570039749,-0.011435555294156075,0.4184837341308594
560,560,0.06215959042310715,-0.0815671756863594,0.03271293267607689,0.469791978597641
561,561,0.022412002086639404,-0.010687554255127907,-0.050852227956056595,0.4111199975013733
562,562,-0.01452322956174612,-0.27602726221084595,-0.13587313890457153,1.1389492750167847
563,563,-0.014716258272528648,-0.042935360223054886,-0.0076535423286259174,0.604070782661438
564,564,-0.022610599175095558,-0.11783220618963242,0.048741307109594345,0.9909400343894958
565,565,0.013767272233963013,-0.2706121504306793,-0.1355181634426117,1.1248183250427246
566,566,0.01747046783566475,0.04242321103811264,-0.014432158321142197,0.7094848155975342
567,567,-0.03308839723467827,-0.18638819456100464,-0.06847479194402695,1.0012938976287842
568,568,0.0478646345436573,0.18296663463115692,0.10735896229743958,0.8922016620635986
569,569,0.006995012518018484,-0.14093445241451263,-0.07437383383512497,0.5105758309364319
570,570,-0.009512635879218578,-0.09778536111116409,-0.03631806746125221,0.4542384743690491
571,571,-0.013974801637232304,-0.0036216124426573515,0.00938479509204626,0.5059500336647034
572,572,0.014998790808022022,-0.17778435349464417,-0.09553587436676025,0.4697171747684479
573,573,-0.03141402825713158,-0.08297371864318848,-0.038263630121946335,0.5905324220657349
574,574,-0.01036093756556511,-0.06565029174089432,-0.018799496814608574,0.5220799446105957
575,575,-0.0199243426322937,-0.11514981836080551,-0.06147303804755211,0.6398008465766907
576,576,0.012237880378961563,-0.09992929548025131,-0.043927568942308426,0.6863434314727783
577,577,0.0027595108840614557,-0.043696243315935135,-0.03246627748012543,0.48860007524490356
578,578,-0.03485601767897606,-0.09388147294521332,-0.0461897999048233,0.5316421985626221
579,579,-0.0021340451203286648,-0.1289423257112503,-0.061107080429792404,0.5760605931282043
580,580,0.04777464643120766,-0.04855760931968689,-0.025485847145318985,0.587636411190033
581,581,-0.03862874582409859,-0.1515209972858429,-0.05040299519896507,0.8039702773094177
582,582,0.02375076338648796,-0.04881317541003227,-0.020980309695005417,1.0471111536026
583,583,-0.020106058567762375,-0.09294667094945908,-0.06216553971171379,0.7462776899337769
584,584,0.006838698405772448,-0.034406907856464386,-0.026706011965870857,0.4999999701976776
585,585,0.009243637323379517,-0.1681111603975296,-0.0862131342291832,0.4262322783470154
586,586,-0.011058991774916649,-0.11074971407651901,-0.03830341994762421,0.6164848208427429
587,587,-0.006322215311229229,-0.07660312205553055,-0.032091908156871796,0.6214041113853455
588,588,0.018088199198246002,-0.07459919899702072,-0.049911994487047195,0.5237279534339905
589,589,-0.017095252871513367,-0.047001514583826065,-0.006184137426316738,0.621171772480011
590,590,0.06683232635259628,-0.1683909147977829,0.07243635505437851,0.7090001702308655
591,591,-0.054680000990629196,0.0839119404554367,-0.06356099992990494,0.7727198600769043
592,592,0.018543735146522522,-0.0839100331068039,-0.08111131191253662,0.4626060128211975
593,593,-0.02927272953093052,-0.047073844820261,-0.011758589185774326,0.29851508140563965
594,594,-0.017487401142716408,-0.10242293030023575,-0.04272701218724251,0.38293787837028503
595,595,0.024113940075039864,-0.07570414990186691,-0.04946514591574669,0.2546302378177643
596,596,-0.0022812518291175365,-0.04027886688709259,-0.018499083817005157,0.30772823095321655
597,597,-0.022707149386405945,-0.048594776540994644,-0.05573001131415367,0.22696362435817719
598,598,-0.05024425685405731,-0.12494173645973206,-0.011481232941150665,0.40966400504112244
599,599,0.06599777191877365,-0.048191919922828674,-0.07928484678268433,0.47006961703300476
600,600,-0.03796657174825668,-0.021754750981926918,-0.014542418532073498,0.31781014800071716
601,601,0.026169396936893463,-0.06405618041753769,-0.07761769741773605,0.33005794882774353
602,602,-0.02485680766403675,-0.0678517147898674,-0.11742245405912399,0.3790352940559387
603,603,0.05093858763575554,-0.04629191383719444,-0.026473941281437874,0.42886263132095337
604,604,-0.006106102839112282,-0.04680199921131134,0.007118700072169304,0.5100470185279846
605,605,0.024011414498090744,-0.12386252731084824,-0.028262823820114136,0.6168282628059387
606,606,-0.008023755624890327,-0.12015698105096817,-0.032845452427864075,0.6911515593528748
607,607,-0.02974131889641285,-0.09511473774909973,-0.032645370811223984,0.7996869087219238
608,608,-0.0042136008851230145,-0.09777150303125381,0.012213199399411678,0.6361469030380249
609,609,0.04918140918016434,0.04246434196829796,-0.023778246715664864,0.5644969344139099
610,610,-0.07258585840463638,-0.06419393420219421,-0.035551801323890686,0.4879798889160156
611,611,0.004574705380946398,-0.12975041568279266,-0.13587187230587006,0.5427599549293518
612,612,0.03160535544157028,-0.004410304129123688,0.020940274000167847,0.5693515539169312
613,613,-0.012032323516905308,-0.12420468032360077,-0.053686756640672684,0.5738686323165894
614,614,0.019294042140245438,-0.07652849704027176,-0.027578074485063553,0.5875301957130432
615,615,-0.032983988523483276,-0.07529480755329132,-0.06213001906871796,0.7988700270652771
616,616,0.014480911195278168,-0.15315663814544678,-0.03192220628261566,1.0998047590255737
617,617,-0.02216273359954357,-0.07951819896697998,-0.07343516498804092,1.14529287815094
618,618,0.039773307740688324,-0.06429899483919144,-0.0235489122569561,1.0729000568389893
619,619,0.010097071528434753,-0.15639202296733856,-0.046199094504117966,0.8977376818656921
620,620,-0.01782899722456932,-0.11505627632141113,-0.07862327992916107,0.6832828521728516
621,621,-0.012014687061309814,-0.02871299721300602,0.05307631939649582,0.6629402041435242
622,622,0.016652528196573257,-0.08868079632520676,-0.05661819130182266,0.6357574462890625
623,623,-0.039772119373083115,-0.07191888988018036,-0.06884301453828812,0.5981312990188599
624,624,0.01150903943926096,-0.020330198109149933,-0.009270582348108292,0.6035777926445007
625,625,0.018317800015211105,-0.07264821231365204,-0.053328704088926315,0.44274193048477173
626,626,-0.012211820110678673,-0.04640151187777519,-0.03660302981734276,0.5973423719406128
627,627,-0.021914342418313026,-0.10978715866804123,-0.060636065900325775,0.40431511402130127
628,628,-0.0035547607112675905,-0.023396100848913193,-0.08555958420038223,0.42808085680007935
629,629,0.020351523533463478,-0.11241718381643295,-0.018954845145344734,0.6232220530509949
630,630,-0.014482744038105011,-0.07006492465734482,-0.06695252656936646,0.44624432921409607
631,631,-0.011785795912146568,-0.08903379738330841,-0.07168310135602951,0.3918200731277466
632,632,0.027282264083623886,-0.02796556055545807,-0.006666996981948614,0.3610323369503021
633,633,-0.004462834447622299,-0.1568594127893448,-0.05590665340423584,0.4668889343738556
634,634,-0.025720613077282906,-0.14403463900089264,-0.06386072188615799,0.5123838782310486
635,635,0.006514786276966333,-0.1112888976931572,-0.004926000256091356,0.4978541433811188
636,636,0.006570201832801104,-0.08473249524831772,-0.043017879128456116,0.41070717573165894
637,637,-0.012173737399280071,-0.07774999737739563,-0.07389757037162781,0.5090303421020508
638,638,-0.007612500339746475,-0.08463893085718155,-0.02147999219596386,0.4124659597873688
639,639,0.004036060068756342,-0.12574410438537598,-0.07844769954681396,0.44580090045928955
640,640,-0.005872619803994894,-0.10803159326314926,-0.04929312691092491,0.41685950756073
641,641,-0.003432125085964799,-0.04194817319512367,-0.036486055701971054,0.4916222393512726
642,642,0.006358140613883734,-0.06975706666707993,-0.0701809898018837,0.4344240128993988
643,643,-0.02393818087875843,-0.0479973703622818,-0.008905458264052868,0.49798086285591125
644,644,0.008103027939796448,-0.1410233974456787,-0.07224008440971375,0.3998030722141266
645,645,-0.008965397253632545,-0.03560861572623253,-0.004392994102090597,0.39977699518203735
646,646,-0.0006192317232489586,-0.14962241053581238,-0.09577201306819916,0.4843030571937561
647,647,-0.01723294146358967,-0.040865663439035416,-0.021370643749833107,0.6465051174163818
648,648,0.008616302162408829,-0.1053609848022461,-0.05338083207607269,0.5227819085121155
649,649,0.002310001291334629,-0.10775095224380493,-0.049107059836387634,0.6745049953460693
650,650,-0.0012530222302302718,-0.05586477369070053,0.015206058509647846,0.568827211856842
651,651,0.004284343216568232,-0.14522407948970795,-0.07056787610054016,0.6209900975227356
652,652,-0.035828400403261185,-0.11297409981489182,-0.06536729633808136,0.542930006980896
653,653,-0.002358986297622323,-0.029317980632185936,0.0022595918271690607,0.5650880336761475
654,654,-0.02311525121331215,-0.09442494809627533,-0.06281818449497223,0.5144777894020081
655,655,0.026752708479762077,-0.012350713834166527,-0.012862691655755043,0.4832420349121094
656,656,-0.013192427344620228,-0.10005811601877213,-0.11715757846832275,0.40250110626220703
657,657,-0.00046823362936265767,-0.052486058324575424,-0.023230813443660736,0.5774131417274475
658,658,-0.0033748967107385397,-0.13996511697769165,-0.06124779209494591,0.5334999561309814
659,659,-0.006157476454973221,-0.07087003439664841,0.0175431277602911,0.4790867865085602
660,660,-0.006854447070509195,-0.10397685319185257,-0.04297272488474846,0.5991011261940002
661,661,-0.004912825766950846,-0.13338908553123474,-0.05171249061822891,0.5199928283691406
662,662,-0.01071250345557928,-0.04928620904684067,-0.018888400867581367,0.5018569827079773
663,663,0.02528322860598564,-0.08845163881778717,-0.05570242181420326,0.3846980035305023
664,664,-0.0012679840438067913,0.015939289703965187,-0.019147757440805435,0.4269821345806122
665,665,-0.012860204093158245,-0.05692930147051811,-0.09728917479515076,0.3913309574127197
666,666,-0.009236367419362068,-0.13198311626911163,-0.07156363874673843,0.5123738646507263
667,667,-0.030310604721307755,-0.12400627881288528,-0.012241984717547894,0.5319163203239441
668,668,0.044469207525253296,-0.04694604501128197,-0.017687851563096046,0.5236619114875793
669,669,0.01929020695388317,-0.10368838161230087,-0.09492620080709457,0.4251878559589386
670,670,-0.041003935039043427,-0.11734920740127563,-0.059351515024900436,0.4950787425041199
671,671,0.04238540306687355,-0.00708394218236208,0.03855818137526512,0.5450807809829712
672,672,0.02117500826716423,-0.15168488025665283,-0.07576319575309753,0.7424020171165466
673,673,-0.03583909198641777,-0.08704745769500732,-0.030114544555544853,0.4159798324108124
674,674,-0.014577776193618774,-0.07440059632062912,-0.042420029640197754,0.42210203409194946
675,675,-0.004772700369358063,-0.06552690267562866,0.0017106691375374794,0.3660110533237457
676,676,-0.006581918802112341,-0.0474027544260025,-0.04570171982049942,0.39103037118911743
677,677,0.0006431344081647694,-0.04021063446998596,-0.04098827764391899,0.3379140794277191
678,678,-0.011440524831414223,-0.09997797757387161,-0.02386000007390976,0.3858110010623932
679,679,-0.005136100575327873,-0.052195996046066284,-0.0735781118273735,0.2724510431289673
680,680,0.0007008073152974248,-0.08560778200626373,-0.046205054968595505,0.30132725834846497
681,681,-0.014520340599119663,-0.060256898403167725,-0.025742027908563614,0.30430707335472107
682,682,0.009386301971971989,-0.0824183002114296,-0.07969031482934952,0.26030999422073364
683,683,-0.002606663154438138,-0.10206393152475357,-0.058203209191560745,0.28608885407447815
684,684,-0.014557155780494213,-0.07452069967985153,-0.0632379874587059,0.24292927980422974
685,685,-0.015334749594330788,-0.08985641598701477,-0.03446141630411148,0.28064805269241333
686,686,0.019255755469202995,-0.08281715214252472,-0.048067089170217514,0.3569667339324951
687,687,0.005767172202467918,-0.12046656012535095,-0.03961588069796562,0.34331607818603516
688,688,-0.0003210775903426111,-0.08878011256456375,-0.014589952304959297,0.3212524950504303
689,689,-0.01968240551650524,-0.08262939751148224,-0.04825280234217644,0.31919899582862854
690,690,0.00572348665446043,-0.09498254954814911,0.012820742093026638,0.3232949674129486
691,691,-0.015769293531775475,-0.042823221534490585,-0.04334687814116478,0.2515373229980469
692,692,0.005736999679356813,-0.041830502450466156,-0.08432403206825256,0.2093929648399353
693,693,-0.006844749208539724,-0.08975062519311905,-0.04782595857977867,0.1819888949394226
694,694,-0.004794912412762642,-0.08490907400846481,-0.07460238039493561,0.17493437230587006
695,695,0.003165769623592496,-0.09407398849725723,-0.04810028895735741,0.1612280309200287
696,696,-0.0006760509568266571,-0.09191335737705231,-0.03962729126214981,0.17927369475364685
697,697,-0.016837574541568756,-0.08114435523748398,-0.04899433255195618,0.18774446845054626
698,698,0.0027797215152531862,-0.09465829282999039,-0.05129973590373993,0.22737978398799896
699,699,-0.020407598465681076,-0.12058351188898087,-0.052790503948926926,0.26968201994895935
700,700,0.019064726307988167,-0.05793461203575134,-0.04092603921890259,0.24735961854457855
701,701,-0.014512429013848305,-0.08552403002977371,-0.06023591011762619,0.27212023735046387
702,702,0.003225896041840315,-0.0995885357260704,-0.054992228746414185,0.35180404782295227
703,703,-0.003022019052878022,-0.10508272051811218,-0.030740506947040558,0.4396130442619324
704,704,-0.004615860525518656,-0.11404465138912201,-0.010096770711243153,0.35358282923698425
705,705,0.005602321587502956,-0.06526605784893036,-0.0997326672077179,0.38577601313591003
706,706,0.004647379275411367,-0.07901868224143982,-0.009951410815119743,0.43873727321624756
707,707,0.0013987646671012044,-0.0977543517947197,0.04729769006371498,0.49398985505104065
708,708,-0.02344825491309166,-0.054639991372823715,-0.05423654615879059,0.34653332829475403
709,709,-0.0053101032972335815,-0.06862600147724152,-0.06084483489394188,0.30945491790771484
710,710,-0.005285256542265415,-0.041462283581495285,-0.1372382640838623,0.3374342918395996
711,711,-0.005728984251618385,-0.024602973833680153,-0.06783484667539597,0.3654302656650543
712,712,0.007350903935730457,-0.02999786287546158,0.04890430346131325,0.44049888849258423
713,713,0.01952066831290722,-0.09833605587482452,-0.033064935356378555,0.5546969771385193
714,714,-0.04388746991753578,-0.10491769760847092,-0.04242435097694397,0.5790889263153076
715,715,0.032052528113126755,-0.04799572005867958,-0.0016595869092270732,0.6900808811187744
716,716,-0.002509600482881069,-0.13882265985012054,-0.002563000889495015,0.6422528624534607
717,717,-0.01547603216022253,-0.1527203619480133,-0.04723535478115082,0.6084040999412537
718,718,-0.0039551449008286,0.0025768664199858904,-0.01707403175532818,0.6098586320877075
719,719,-0.004905964247882366,-0.11330975592136383,-0.052691493183374405,0.49100714921951294
720,720,-0.010969395749270916,-0.08668810874223709,-0.03314626216888428,0.5047071576118469
721,721,0.012486969120800495,-0.08096253871917725,-0.09190425276756287,0.46250808238983154
722,722,-0.008128303103148937,-0.12030260264873505,-0.06275329738855362,0.5690299868583679
723,723,0.0027018203400075436,-0.04317010939121246,-0.0021109096705913544,0.6207878589630127
724,724,-0.008440029807388783,-0.10273049771785736,-0.04758356139063835,0.5845150947570801
725,725,-0.0067270719446241856,-0.15010420978069305,-0.06165694072842598,0.5642131567001343
726,726,0.0013018975732848048,-0.058205556124448776,-0.02588469907641411,0.49476009607315063
727,727,0.011954644694924355,-0.04862780496478081,-0.022765502333641052,0.5863232612609863
728,728,-0.027298280969262123,-0.10627173632383347,-0.04741606488823891,0.5690333247184753
729,729,-0.015514397993683815,-0.1319849044084549,-0.06849698722362518,0.6118301153182983
730,730,0.015823233872652054,-0.10299797356128693,-0.05145161971449852,0.7243343591690063
731,731,-0.0121929245069623,-0.08169171959161758,-0.06276505440473557,0.5292424559593201
732,732,-0.00039282982470467687,-0.0953504741191864,-0.036124952137470245,0.6376867890357971
733,733,-0.00852039735764265,-0.10094806551933289,-0.05280071124434471,0.6362600326538086
734,734,-0.006461614277213812,-0.09400942176580429,-0.03220263496041298,0.6089696884155273
735,735,-0.042291004210710526,-0.10777918249368668,-0.05490141361951828,0.5917474031448364
736,736,0.03537270426750183,-0.07742801308631897,-0.04935625195503235,0.5088310837745667
737,737,-0.012054644525051117,-0.1028064638376236,-0.0716351568698883,0.5350201725959778
738,738,-0.011578583158552647,-0.052281297743320465,-0.00024515148834325373,0.6025151014328003
739,739,0.004375998396426439,-0.07057232409715652,-0.04830159246921539,0.8211802840232849
740,740,0.01608838327229023,-0.14405837655067444,-0.04584804177284241,0.6005263924598694
741,741,-0.005463032983243465,-0.01931576058268547,-0.01752343401312828,0.5754050016403198
742,742,-0.035988498479127884,-0.07610631734132767,-0.04081818088889122,0.49801015853881836
743,743,0.021837497130036354,-0.045977119356393814,-0.05701247602701187,0.47221001982688904
744,744,-0.020914165303111076,-0.10377880185842514,-0.05432918667793274,0.41936466097831726
745,745,0.0027434518560767174,-0.09608485549688339,-0.027576183900237083,0.525464653968811
746,746,-0.03214653208851814,-0.06684698909521103,-0.06991760432720184,0.5096799731254578
747,747,0.03159060329198837,-0.007634035311639309,-0.057785168290138245,0.387679785490036
748,748,-0.029159193858504295,-0.12169190496206284,-0.10668597370386124,0.6345374584197998
749,749,0.02816634811460972,-0.06943947821855545,-0.023662300780415535,0.4513229727745056
750,750,-0.01941494271159172,-0.060162417590618134,-0.026764441281557083,0.5163564682006836
751,751,4.869368422077969e-05,-0.07048969715833664,0.0028857558500021696,0.49167874455451965
752,752,-0.03233393654227257,-0.14499376714229584,-0.0319233238697052,0.7147405743598938
753,753,-0.026978101581335068,-0.1932709813117981,-0.09140698611736298,0.6856839656829834
754,754,0.044023238122463226,0.009187680669128895,0.012480463832616806,0.6325252652168274
755,755,-0.013158591464161873,-0.005781523417681456,0.04317658767104149,0.6856464147567749
756,756,-0.010818389244377613,-0.06910670548677444,-0.07915779203176498,0.5975560545921326
757,757,0.02016121707856655,-0.07747667282819748,-0.04404060170054436,0.4846061170101166
758,758,-0.016375629231333733,-0.025933539494872093,-0.010022501461207867,0.5055395364761353
759,759,-0.015780901536345482,-0.07398150116205215,-0.06853049248456955,0.38071006536483765
760,760,0.013529881834983826,-0.11445727199316025,-0.027279719710350037,0.34631508588790894
761,761,-0.0066252537071704865,-0.033602871000766754,-0.047192931175231934,0.2879413962364197
762,762,-0.011709188111126423,-0.10844247043132782,-0.05543040111660957,0.3167010247707367
763,763,0.023215599358081818,-0.0599876269698143,-0.012687780894339085,0.29155904054641724
764,764,-0.022904247045516968,-0.057088982313871384,-0.0644940435886383,0.3396070599555969
765,765,0.007854651659727097,-0.06873858720064163,-0.05473686382174492,0.26728588342666626
766,766,-0.004925204440951347,-0.06778869777917862,-0.03870438411831856,0.19941405951976776
767,767,-0.02359730936586857,-0.08271880447864532,-0.0892677903175354,0.22573938965797424
768,768,-0.005264355801045895,-0.07455707341432571,-0.039544083178043365,0.23238274455070496
769,769,0.0029201104771345854,-0.07973970472812653,-0.06706377863883972,0.21925696730613708
770,770,-0.0063888863660395145,-0.07183974981307983,-0.07453323155641556,0.27294641733169556
771,771,-0.010138081386685371,-0.09337955713272095,-0.015491313301026821,0.37022122740745544
772,772,0.008843528106808662,-0.10187240689992905,-0.03606342896819115,0.35102224349975586
773,773,0.001435294165275991,-0.12219632416963577,-0.057547200471162796,0.33856791257858276
774,774,-0.02931959740817547,-0.08971871435642242,-0.026173116639256477,0.32130303978919983
775,775,-0.0046544428914785385,-0.08820132911205292,-0.037923552095890045,0.3059293329715729
776,776,0.003734395606443286,-0.12524200975894928,-0.05662979558110237,0.4929899573326111
777,777,0.006516571622341871,-0.09054382145404816,-0.043139390647411346,0.5374555587768555
778,778,-0.01928544230759144,-0.1294768750667572,-0.020252525806427002,0.3732827603816986
779,779,0.011793148703873158,-0.061705734580755234,-0.027957580983638763,0.3735443949699402
780,780,0.0053910547867417336,-0.11977999657392502,-0.06891805678606033,0.45959606766700745
781,781,-0.029499083757400513,-0.018026968464255333,-0.036085858941078186,0.5684454441070557
782,782,0.027662325650453568,-0.09831643104553223,-0.06979484111070633,0.5385727882385254
783,783,-0.026132790371775627,-0.11872100830078125,-0.05175969749689102,0.5729001760482788
784,784,-0.03405708074569702,-0.07939696311950684,-0.03099091537296772,0.5771918296813965
785,785,0.0301906019449234,-0.0006595918675884604,0.01779787428677082,0.5992574691772461
786,786,-0.01897762157022953,-0.13448768854141235,-0.0778893381357193,0.599962055683136
787,787,0.007976850494742393,-0.15592734515666962,-0.08208949118852615,0.5269090533256531
788,788,-0.00532882334664464,-0.03406858444213867,-0.01800268143415451,0.4282212555408478
789,789,-0.0031413123942911625,-0.14149272441864014,-0.06452788412570953,0.4519646465778351
790,790,-0.014596791006624699,-0.04028661549091339,-0.005081199575215578,0.44001996517181396
791,791,0.0031334550585597754,-0.16975262761116028,-0.07540906220674515,0.5695405006408691
792,792,0.017053909599781036,-0.05679545924067497,-0.03753909468650818,0.5633201003074646
793,793,-0.015028608031570911,-0.08698901534080505,-0.024594292044639587,0.48021987080574036
794,794,0.005172119475901127,-0.10288211703300476,-0.07368069142103195,0.5542758107185364
795,795,0.005141311790794134,-0.09986504912376404,-0.04604140669107437,0.43529295921325684
796,796,-0.0046522230841219425,-0.06365392357110977,-0.04150949418544769,0.5481182932853699
797,797,-0.0003881005977746099,-0.08429498970508575,0.006131001282483339,0.5014601945877075
798,798,0.010989491827785969,-0.03619157522916794,-0.027645258232951164,0.4217292368412018
799,799,-0.0244437325745821,-0.06263776868581772,-0.013480914756655693,0.37739402055740356
800,800,-0.004762503318488598,-0.08791110664606094,-0.07655350863933563,0.396497905254364
801,801,0.006195354741066694,-0.022521205246448517,0.03357747942209244,0.3588889241218567
802,802,-0.02676807902753353,-0.03331572562456131,-0.06260211765766144,0.39965856075286865
803,803,-0.020415401086211205,-0.030811982229351997,-0.025872010737657547,0.3612610101699829
804,804,-0.012642319314181805,-0.06201110780239105,-0.06060898303985596,0.2682534456253052
805,805,-0.008019496686756611,0.005162733141332865,0.022099127992987633,0.3564465045928955
806,806,0.05286404490470886,-0.03374617174267769,-0.12361545860767365,0.5027271509170532
807,807,-0.05778639391064644,-0.14257009327411652,-0.020415009930729866,0.39302197098731995
808,808,0.07150223106145859,-0.08694667369127274,-0.0666741356253624,0.2970403730869293
809,809,0.03328622877597809,-0.08656442910432816,-0.05029097571969032,0.23725557327270508
810,810,-0.017111947759985924,-0.09170235693454742,-0.06774049997329712,0.23641805350780487
811,811,-0.007076695561408997,-0.10685506463050842,-0.04466470703482628,0.28194648027420044
812,812,-0.019193334504961967,-0.05691986903548241,-0.017973333597183228,0.33992329239845276
813,813,0.004556098021566868,-0.11981511116027832,-0.04668361693620682,0.4609251022338867
814,814,-0.0035420190542936325,-0.1157926470041275,-0.04020555689930916,0.3741746246814728
815,815,-0.0011896983487531543,-0.10533201694488525,-0.001361310831271112,0.3567303717136383
816,816,0.011308254674077034,-0.11443980038166046,-0.07302252948284149,0.3314899206161499
817,817,0.011719400063157082,-0.04890090972185135,-0.05126190558075905,0.32237106561660767
818,818,-0.025239765644073486,-0.0899410992860794,-0.054942212998867035,0.3919949531555176
819,819,0.013996094465255737,-0.06024453043937683,0.016757672652602196,0.32724541425704956
820,820,-0.004808904603123665,-0.10167292505502701,-0.07337740063667297,0.3411710262298584
821,821,0.01426101103425026,-0.06038359925150871,-0.046452831476926804,0.28372424840927124
822,822,-0.009995655156672001,-0.05187069624662399,-0.026925761252641678,0.2794131338596344
823,823,-0.011594303883612156,-0.08385501056909561,-0.055105991661548615,0.3067120313644409
824,824,-0.003044847398996353,-0.10478907823562622,-0.0720575824379921,0.3683524429798126
825,825,-0.003893844084814191,-0.07453169673681259,-0.032249294221401215,0.40152519941329956
826,826,-0.0026507172733545303,-0.13398820161819458,-0.07188161462545395,0.3386293351650238
827,827,-0.02547203004360199,-0.04729870334267616,-0.027147658169269562,0.29774197936058044
828,828,0.008233028464019299,-0.10738960653543472,-0.06121009588241577,0.28904950618743896
829,829,0.006379897706210613,-0.0866076648235321,0.01255565695464611,0.2795596122741699
830,830,-0.01443896908313036,-0.10756850987672806,-0.06722120940685272,0.3414669930934906
831,831,-0.033164314925670624,-0.06018485873937607,-0.03655484691262245,0.25173333287239075
832,832,0.06805050373077393,-0.15720626711845398,-0.1632806807756424,0.3897181749343872
833,833,-0.038225799798965454,-0.003768403548747301,0.06326303631067276,0.5059459209442139
834,834,0.002024174900725484,-0.06913444399833679,-0.00048686639638617635,0.28901207447052
835,835,-0.012873724102973938,-0.09323747456073761,-0.08307746052742004,0.7520807385444641
836,836,-0.016817569732666016,-0.1077735424041748,-0.06980910152196884,0.38262519240379333
837,837,0.032199010252952576,-0.050380006432533264,-0.019033357501029968,0.34506693482398987
838,838,-0.0244364645332098,-0.0885377749800682,-0.0569649413228035,0.539476752281189
839,839,0.017234139144420624,-0.0754847601056099,-0.01563899777829647,0.6285152435302734
840,840,-0.028828611597418785,-0.1564275175333023,-0.07164487987756729,0.6460599303245544
841,841,-0.005158915184438229,-0.054199788719415665,-0.05091162770986557,0.7253625988960266
842,842,-0.041639409959316254,-0.09344838559627533,-0.0327979251742363,0.967686653137207
843,843,0.044169507920742035,-0.13372346758842468,-0.07056161761283875,0.6471817493438721
844,844,0.030466223135590553,-0.03735761344432831,0.002089833142235875,0.4573599100112915
845,845,-0.02699090540409088,-0.07359584420919418,-0.04165453836321831,0.5105645656585693
846,846,-0.007026263978332281,-0.10662969946861267,-0.05537978559732437,0.38194942474365234
847,847,-0.019712883979082108,-0.11549749225378036,-0.05587630346417427,0.4169800877571106
848,848,0.010339398868381977,-0.09924250841140747,-0.04807140678167343,0.40648478269577026
849,849,-0.010842624120414257,-0.09613262861967087,-0.05655959993600845,0.3992989659309387
850,850,0.0018179997568950057,-0.0822603702545166,-0.027571935206651688,0.5100039839744568
851,851,0.04263676702976227,-0.04265900328755379,-0.023575741797685623,0.5338201522827148
852,852,-0.03226181119680405,-0.13895440101623535,-0.0650424212217331,0.5718969106674194
853,853,0.06925950944423676,-0.06268749386072159,-0.012056861072778702,0.6351213455200195
854,854,-0.05699600279331207,-0.1302463710308075,-0.0730094164609909,0.7470200061798096
855,855,0.009320802055299282,-0.05163576453924179,-0.02371140755712986,0.5209293365478516
856,856,-0.018449898809194565,-0.12741920351982117,-0.07456999272108078,0.5239050984382629
857,857,-0.00330740655772388,-0.06344050168991089,-0.025741301476955414,0.6893199682235718
858,858,-0.009638885967433453,-0.090464748442173,-0.05708576366305351,0.610474705696106
859,859,0.0025148503482341766,-0.09317198395729065,-0.04665364325046539,0.5525363087654114
860,860,0.02719978801906109,-0.06229838356375694,-0.021953724324703217,0.5994646549224854
861,861,-0.008949793875217438,-0.1179523840546608,-0.057051606476306915,0.585369884967804
862,862,0.01932222582399845,-0.08994139730930328,-0.05462585762143135,0.6178786754608154
863,863,-0.02918074280023575,-0.08379615098237991,-0.050881221890449524,0.7582426071166992
864,864,0.018148304894566536,-0.1178973987698555,-0.0330021046102047,0.7352501153945923
865,865,0.007906302809715271,-0.06016313657164574,0.01796305924654007,0.5077071785926819
866,866,-0.022150209173560143,-0.035556867718696594,-0.03892837092280388,0.5203031897544861
867,867,-0.000640998943708837,-0.09029906988143921,-0.07061589509248734,0.5785829424858093
868,868,0.011556774377822876,-0.08756756037473679,-0.023632626980543137,0.3291747272014618
869,869,-0.002580546773970127,-0.02188919298350811,-0.04968668147921562,0.304559588432312
870,870,0.013905069790780544,0.0980357676744461,0.06339795887470245,1.6102409362792969
871,871,-0.05841951072216034,-0.2353544384241104,-0.12499910593032837,0.7755568027496338
872,872,0.10659395158290863,-0.09368889033794403,-0.10010240226984024,0.8671314120292664
873,873,-0.018656756728887558,-0.07283253967761993,-0.04736151918768883,0.6278889775276184
874,874,0.02465900219976902,-0.042112693190574646,-0.004523090552538633,0.4246769845485687
875,875,-0.0017601001309230924,-0.05389455333352089,-0.02554689534008503,0.3451758027076721
876,876,-0.05817444622516632,-0.06120308116078377,-0.026894941926002502,0.5296160578727722
877,877,0.08107440173625946,-0.09314648807048798,-0.07184998691082001,0.4661429524421692
878,878,-0.020062023773789406,-0.09751921892166138,-0.028565455228090286,0.5210514664649963
879,879,-0.0023702934850007296,-0.09837442636489868,-0.04069910943508148,0.4606970548629761
880,880,0.022170905023813248,-0.08126658946275711,-0.046336814761161804,0.4677140712738037
881,881,-0.04729190468788147,-0.11178839951753616,-0.04637701436877251,0.4539180397987366
882,882,0.029207520186901093,-0.11060111969709396,-0.013567673042416573,0.5644990801811218
883,883,0.012030906043946743,-0.07237131148576736,-0.03774403780698776,0.3535423278808594
884,884,-0.020068993791937828,-0.07966170459985733,-0.09282980859279633,0.5249069333076477
885,885,0.02773100696504116,-0.08571989089250565,-0.04154413938522339,0.5227372646331787
886,886,-0.021151915192604065,-0.11595114320516586,-0.04668271914124489,0.451616108417511
887,887,-0.017938002943992615,-0.0834834948182106,-0.023693101480603218,0.5037700533866882
888,888,0.007917176932096481,-0.07833535969257355,-0.02827787958085537,0.4422464966773987
889,889,0.018923835828900337,-0.049362413585186005,-0.06415382772684097,0.4710141718387604
890,890,-0.04559696465730667,-0.1219148337841034,-0.029465047642588615,0.5256465077400208
891,891,0.011040009558200836,-0.05151030048727989,-0.005356290377676487,0.5135600566864014
892,892,-0.03824363648891449,-0.034278277307748795,-0.024366460740566254,0.5068060755729675
893,893,-0.03429796174168587,-0.08561214059591293,-0.062456853687763214,0.9855148792266846
894,894,0.0269320011138916,-0.0852968767285347,-0.05620777979493141,0.7315900325775146
895,895,-0.007012627553194761,-0.07278899848461151,-0.041976671665906906,0.513665497303009
896,896,0.011755879037082195,-0.09291908144950867,-0.04159514978528023,0.45667675137519836
897,897,-0.0340004526078701,-0.05403542146086693,-0.03925060108304024,0.4315449595451355
898,898,0.030287735164165497,-0.074036605656147,-0.0382382832467556,0.35420697927474976
899,899,0.01689576730132103,-0.11647254228591919,-0.03697133809328079,0.38614749908447266
900,900,-0.021678613498806953,-0.10417544096708298,-0.027934642508625984,0.29646870493888855
901,901,-0.02807779610157013,-0.0739578977227211,-0.08038060367107391,0.213251993060112
902,902,-0.027057776227593422,-0.07818473875522614,-0.03281787037849426,0.23620903491973877
903,903,-0.008807879872620106,-0.07162399590015411,-0.05068102106451988,0.29654747247695923
904,904,0.01680689863860607,-0.11857981979846954,-0.07698609679937363,0.27589699625968933
905,905,0.013827881775796413,-0.08044737577438354,0.02400428056716919,0.31822529435157776
906,906,-0.039082836359739304,-0.08258040249347687,-0.06600433588027954,0.25060606002807617
907,907,0.007872088812291622,-0.10075129568576813,-0.04875435307621956,0.22440405189990997
908,908,0.020142901688814163,-0.09400821477174759,-0.03547440469264984,0.2523449957370758
909,909,-0.023118890821933746,-0.016485853120684624,-0.07589252293109894,0.22793836891651154
910,910,0.0099521204829216,-0.12623463571071625,-0.0485282763838768,0.19681917130947113
911,911,-0.017791086807847023,-0.09574807435274124,-0.05014999955892563,0.15627801418304443
912,912,-0.004268606659024954,-0.09209374338388443,-0.0396139957010746,0.16668181121349335
913,913,0.0008620140142738819,-0.08760716021060944,-0.052896857261657715,0.16843435168266296
914,914,-0.010948999784886837,-0.08372686058282852,-0.051389504224061966,0.14475800096988678
915,915,0.003950506914407015,-0.08261426538228989,-0.06183416023850441,0.15117879211902618
916,916,-0.010020957328379154,-0.1085946336388588,-0.013902352191507816,0.17488786578178406
917,917,0.00020575632515829057,-0.07845283299684525,-0.04747992008924484,0.1597222536802292
918,918,-0.014982257038354874,-0.07803349196910858,-0.050680242478847504,0.14963699877262115
919,919,-0.014378795400261879,-0.08399482816457748,-0.06889243423938751,0.15656466782093048
920,920,-0.0028167860582470894,-0.10509547591209412,-0.03923474997282028,0.17836059629917145
921,921,0.004668102134019136,-0.07648728042840958,-0.0756765827536583,0.15227200090885162
922,922,-0.0019813228864222765,-0.1084345355629921,-0.013756356202065945,0.18406663835048676
923,923,-0.005167488474398851,-0.08796970546245575,-0.04732753708958626,0.13440808653831482
924,924,-1.302886721532559e-05,-0.08345119655132294,-0.04229729250073433,0.1435830146074295
925,925,-0.00731898657977581,-0.08339885622262955,-0.0428646057844162,0.19598184525966644
