,Time,GyroX,GyroY,GyroZ,Absolute
1,1,0.038264394,0.00528643,-0.261455625,0.295619339
2,2,0.00552195,-0.003197435,-0.178870678,0.203926697
3,3,-0.033051681,-0.010051918,0.09790799,0.199119508
4,4,-0.016229533,-0.005406218,-0.000902905,0.195698425
5,5,-0.022305118,-0.007244684,-0.000403026,0.217400849
6,6,0.002928789,-9.13E-05,-0.137705207,0.407152027
7,7,-0.030693969,-0.014891434,0.023019897,0.181809157
8,8,0.001438133,-0.000442751,-0.140689999,0.513302863
9,9,-0.050078552,-0.035543639,0.281733632,0.374313742
10,10,-0.004907239,0.002433517,0.121602975,0.349590868
11,11,0.016571531,0.005186151,-0.146573782,0.241435483
12,12,-0.01134668,0.001349587,-0.007328041,0.169968545
13,13,-0.017730463,0.001196731,0.154922128,0.274342239
14,14,-0.006877912,-0.012311826,-0.00680541,0.366333902
15,15,0.017365083,0.00058089,-0.049317509,0.238642946
16,16,0.001648636,0.008935377,-0.025785115,0.161814302
17,17,-0.025028205,-0.024715409,0.336029798,0.366855741
18,18,0.039158054,-0.0179132,0.069209665,0.173479646
19,19,0.050894652,-0.000377105,-0.049558591,0.150054619
20,20,0.045222599,-0.006661721,-0.163044438,0.236728653
21,21,-0.001228396,-0.022265874,0.241641447,0.415435374
22,22,0.019384362,-0.050858267,0.081627391,0.375791043
23,23,0.059649985,-0.002737463,-0.413528681,0.46069172
24,24,-0.015526927,0.058006816,-0.080000736,0.721581995
25,25,-0.02162474,0.016778048,0.027158853,0.371161699
26,26,0.044423744,0.015903652,-0.32527712,0.438668668
27,27,0.132440954,-0.028076753,-1.230273485,1.245623231
28,28,0.15768908,-0.12610209,-0.498009443,0.645119846
29,29,-0.058277968,-0.118413925,0.875168025,0.925081789
30,30,-0.093060166,-0.027423618,0.419655293,0.552634597
31,31,0.045924094,-0.01847494,-0.584684432,0.746303678
32,32,0.033426784,-0.053724036,-0.237796918,0.392409146
33,33,0.092015177,-0.061470848,-0.350957394,0.404245645
34,34,-0.049211945,-0.088151217,0.481499702,0.518878877
35,35,-0.190269321,-0.058712192,1.549685359,1.564848542
36,36,-0.038054213,-0.088082783,0.847609222,0.86533457
37,37,-0.008170864,-0.153221443,0.480397195,0.518458307
38,38,-0.005152348,-0.188323557,0.056092069,0.434040755
39,39,0.134208187,-0.093606651,-0.704182804,0.731226087
40,40,0.093978599,0.0014699,-0.479082733,0.531310022
41,41,0.045354515,0.010233415,-0.189833358,0.215898111
42,42,0.010911779,-0.003029963,-0.058726273,0.222091138
43,43,0.005302301,0.003893626,-0.033823319,0.134351775
44,44,0.00188365,-0.000443247,-0.006098806,0.154386088
45,45,0.002289199,0.002083659,-0.001271969,0.099105105
46,46,-0.001407876,-0.008771794,0.042846147,0.114599198
47,47,0.005929558,-0.000591459,-0.020070218,0.091141686
48,48,0.011250647,0.007613953,-0.106748536,0.149833888
49,49,-0.017302101,-0.004791057,0.088300385,0.133450568
50,50,-0.000749144,-0.005259099,0.049013827,0.125521883
51,51,0.027792478,0.004695785,-0.255660951,0.300537705
52,52,-0.023613684,-0.011197834,0.255389512,0.797777295
53,53,0.063604683,0.01637188,-0.741242468,0.878487229
54,54,0.210369349,-0.042639334,-1.539533377,1.557474256
55,55,0.09464065,-0.045515895,-0.283988357,0.330697209
56,56,-0.003331115,-0.035566304,0.562672257,0.769132316
57,57,-0.059215259,-0.037507165,0.931268513,1.072773695
58,58,-0.077707708,0.006352022,0.515300572,0.684362113
59,59,0.032667272,-0.027106082,-0.286723882,0.48373583
60,60,-0.124860309,-0.020136571,0.905740499,0.927283049
61,61,-0.258232117,-0.163992986,2.705378294,2.726891994
62,62,-0.220578983,-0.021094544,0.320277393,1.066394687
63,63,0.087462746,-0.038755286,-2.470281839,2.482666492
64,64,0.070142508,0.032807175,-0.543473661,0.678537369
65,65,0.029832644,0.001044652,-0.191060379,0.236011133
66,66,-0.011809899,0.008532363,-0.08576376,0.221162125
67,67,-0.017205263,-0.018230442,0.22311157,0.336637467
68,68,0.004010601,-0.006277805,0.040928427,0.190913066
69,69,0.017196164,-0.013649339,-0.017633624,0.358677328
70,70,0.016596172,0.011895696,-0.064549953,0.240160942
71,71,0.001856113,0.00177926,0.071126238,0.259816229
72,72,0.010797722,-0.002880879,-0.074734144,0.266959906
73,73,0.008135549,0.004205687,-0.045921162,0.175288826
74,74,-0.004912678,0.003736677,0.059952606,0.2143251
75,75,0.011432234,-0.009230045,-0.046154279,0.343804359
76,76,-0.002111758,-0.001142368,-0.012076409,0.269508719
77,77,-0.00268429,-0.004597584,0.021852905,0.288668424
78,78,-0.000439901,0.001677999,-0.035095803,0.255337834
79,79,-0.004754502,-0.008808639,0.120010473,0.318110287
80,80,0.015997572,-0.008963465,-0.055477157,0.270497233
81,81,0.004261967,0.02188332,-0.014159027,0.287204802
82,82,-0.008044104,-0.00274797,0.107580788,0.338939905
83,83,0.021839924,0.003781023,-0.020157792,0.291056961
84,84,0.00357176,-0.010884811,0.013316141,0.397140682
85,85,0.016692845,0.006809993,0.028164342,0.513584077
86,86,0.014325774,0.004982255,-0.276013225,0.644574404
87,87,-0.021067442,-0.016917629,0.152747095,0.518064141
88,88,0.017581157,0.003589124,-0.146953866,0.468497783
89,89,0.000884832,-0.000641883,-0.123568796,0.416889787
90,90,-0.009950577,-0.007186017,-0.254525006,0.521783888
91,91,-0.011235737,-0.033241343,-0.250665933,0.423552871
92,92,0.06440375,-0.056927256,-0.79217267,0.835380971
93,93,0.217394814,-0.110965401,-1.038821816,1.136228681
94,94,0.171107173,-0.055786215,-0.142054051,0.328086108
95,95,0.177565426,-0.007380138,-0.49466002,0.542175174
96,96,0.118043378,-0.031971704,-0.034478277,0.142031088
97,97,0.167817891,0.03663962,-0.441004336,0.51333046
98,98,0.13876541,0.019455183,0.109408379,0.871672332
99,99,0.158151761,0.067950338,-0.257991254,0.441594005
100,100,0.060507145,0.009984067,0.567855358,0.590491712
101,101,0.030208431,-0.037596777,0.414012879,0.431198239
102,102,-0.051798929,-0.055110369,0.821099102,0.82751143
103,103,-0.128668964,-0.021661285,1.018689156,1.028083801
104,104,-0.081207097,-0.012324465,0.724313617,0.730781794
105,105,0.003663359,-0.004226685,0.092970714,0.197906733
106,106,0.054986395,0.003888942,-0.380417138,0.630691648
107,107,0.024312744,0.003723003,-0.228944853,0.845941663
108,108,-0.069587618,-0.035091847,0.689775944,0.795141995
109,109,0.056712549,0.034098953,-0.610840619,0.691894054
110,110,-0.038860839,-0.018051313,0.441338599,0.5137465
111,111,0.014321055,-0.010020924,-0.017047016,0.144120008
112,112,0.013424817,-0.014029292,0.028877283,0.069307148
113,113,0.053921044,0.01251732,-0.315571576,0.329633415
114,114,0.043398056,0.025396265,-0.487262845,0.524224341
115,115,-0.031290386,-0.021005088,0.124972969,0.277491271
116,116,-0.032465015,-0.01297166,0.116835386,0.189815864
117,117,-0.023734909,-0.009091024,0.159056723,0.20757775
118,118,0.004516649,-0.003747806,-0.024622925,0.084842265
119,119,-9.65E-05,0.005997626,0.022837559,0.120629922
120,120,-0.004657013,-0.001824143,0.055564679,0.129856572
121,121,-0.068971738,-0.050999276,0.893287599,0.937128246
122,122,-0.164950281,-0.216652468,1.296073318,1.414575577
123,123,0.011138836,-0.150345534,-1.044183731,1.250653505
124,124,0.340860933,0.033091776,-2.891695976,2.918390989
125,125,0.205002323,-0.16237101,-0.156855807,1.579625845
126,126,-0.213613957,-0.079553276,1.549458504,1.57253325
127,127,-0.041356158,-0.010503229,0.19302392,0.339227349
128,128,-0.010635455,0.002792026,0.060563471,0.175794318
129,129,0.004240586,-0.017295312,-0.015959034,0.155815482
130,130,-0.002135658,0.01090192,0.024761716,0.157015577
131,131,-0.001211884,0.003932704,0.002075467,0.138295233
132,132,-0.001012183,-0.00562049,0.027986549,0.072627917
133,133,-0.006789767,-0.013078722,0.105470367,0.167203978
134,134,0.013639905,0.003840008,-0.008310515,0.119703218
135,135,0.012119497,0.006762634,-0.095075063,0.229767546
136,136,0.006482826,-0.00233502,-0.045187637,0.174365357
137,137,0.005912741,0.007842375,-0.09447819,0.2527228
138,138,-0.013581,-0.001081646,0.021937586,0.136836275
139,139,-0.004648206,-0.005748111,-0.002705753,0.144066572
140,140,-0.027803643,-0.010534082,0.20436354,0.251608759
141,141,-0.003306753,-0.032729406,0.109899543,0.179123074
142,142,0.012985482,0.025185551,0.004240102,0.141369715
143,143,-0.013246152,-0.011830398,0.236487851,0.312830299
144,144,-0.106299907,-0.099301159,1.174971819,1.184880614
145,145,-0.17349565,-0.149549887,1.166275501,1.200473666
146,146,-0.090620011,-0.113674507,-0.898718715,1.04992044
147,147,0.171697795,0.012994881,-1.524152517,1.57094121
148,148,0.010450401,-0.012370141,0.178096995,0.214886025
149,149,0.049465217,0.009377791,-0.194758683,0.275996506
150,150,0.024924291,-0.000898275,-0.109474763,0.211892396
151,151,0.00805863,0.003185637,-0.065252818,0.148338646
152,152,-0.000177079,-0.003566896,0.028992301,0.139947012
153,153,0.006516445,-0.002592351,0.037532266,0.142684907
154,154,0.011683228,0.004633699,-0.052881006,0.200262189
155,155,0.005891455,0.010035426,-0.046676133,0.170028657
156,156,-0.012993429,-0.017967571,0.154972032,0.232265681
157,157,0.014217683,0.008120024,-0.029896084,0.143037483
158,158,0.007854085,0.001125223,0.015627356,0.106876135
159,159,0.007456521,-0.006540533,-0.010850469,0.126584172
160,160,0.007099829,0.004099976,0.013819335,0.101511888
161,161,0.010519491,-0.007006145,0.004500563,0.111453801
162,162,-0.010815905,-0.010366285,0.178243056,0.198915139
163,163,0.008705734,0.008811232,0.167504072,0.245978087
164,164,0.00135733,-0.020682156,0.189092055,0.296504676
165,165,-0.038577292,-0.067218155,0.511455655,0.561515868
166,166,0.059525728,-0.04613879,-0.119875863,0.223807842
167,167,0.017328976,-0.089312419,0.227081999,0.378362536
168,168,0.113506615,-0.048917588,-0.429692537,0.484059066
169,169,0.05974507,-0.04466559,0.050742023,0.201228306
170,170,0.058375549,-0.04016643,0.056445658,0.135458544
171,171,0.041982763,-0.071359187,0.269077539,0.341453463
172,172,0.045729436,-0.104906522,0.18431443,0.325855225
173,173,0.073828049,-0.089679375,-0.124603227,0.268573254
174,174,0.096743248,-0.052466176,-0.271652758,0.350944221
175,175,0.079071708,-0.001709145,-0.368256778,0.446371347
176,176,0.041865245,0.006285999,-0.103757076,0.215713501
177,177,0.01184348,0.006738806,-0.062300391,0.220128626
178,178,0.00468748,-0.001682011,0.020281957,0.121794052
179,179,0.008014215,0.003342985,-0.002956367,0.085937455
180,180,0.015129522,0.00108102,-0.044619888,0.145778477
181,181,0.003313208,9.70E-06,0.007096204,0.175456628
182,182,0.001583816,-0.003436587,-0.008218028,0.124791779
183,183,-2.88E-05,0.000966619,-0.005265248,0.147505969
184,184,0.004442879,0.003378137,-0.009362367,0.12078286
185,185,0.002853146,-0.002808555,-0.006123666,0.087913558
186,186,-0.000823861,-0.001892686,-0.007933657,0.069587879
187,187,0.004006566,0.004038885,0.002811346,0.071809873
188,188,-0.020626634,-0.016114136,0.229371548,0.249137044
189,189,0.000846755,-0.032426689,0.060216591,0.111638851
190,190,-0.000491848,0.018089678,0.207628474,0.260531485
191,191,-0.001277416,-0.03064624,0.089462094,0.188166603
192,192,-0.009034485,-0.025027798,0.411809385,0.432566673
193,193,0.026309714,-0.0479514,0.10177508,0.209920719
194,194,0.052296687,-0.048336405,-0.062934831,0.139075324
195,195,0.097896233,-0.015721887,-0.470512807,0.504044414
196,196,0.192021951,0.047152266,-1.715198636,1.727685213
197,197,0.411302775,-0.032915149,-2.636614084,2.672669172
198,198,0.042375363,0.292568743,-1.79275322,1.829167008
199,199,-0.14650619,0.064222038,-1.616015553,1.63427484
200,200,0.065233335,-0.338394284,-1.066876173,1.139693379
201,201,0.122746788,-0.384543628,-0.265256733,0.501769841
202,202,0.191959023,-0.402530015,-0.262288511,0.537398517
203,203,0.201123402,-0.443286926,-0.155128047,0.515394449
204,204,-0.284134567,-0.404612035,1.989787698,2.21182847
205,205,-0.389332324,0.026095588,4.526373386,4.552588463
206,206,-0.21873568,-0.068318084,2.068814278,2.10255909
207,207,0.074226387,-0.054022476,-0.128930345,0.485762626
208,208,0.073227398,0.023153681,-0.621439695,0.936401904
209,209,0.004921361,0.01206214,-0.092801929,0.230708092
210,210,-0.002789483,-0.006031107,0.009551409,0.172374487
211,211,-0.00675915,-0.001095277,0.007702799,0.145128712
212,212,-0.016372176,-0.014539889,0.269531608,0.400644481
213,213,0.024888553,0.006345721,0.009572354,0.2199357
214,214,0.027196795,-0.002443497,-0.062371701,0.170577258
215,215,0.019806938,0.001629892,-0.064709112,0.29239282
216,216,0.007354256,-0.004561275,0.010270032,0.225972548
217,217,0.016492574,0.004969637,-0.090956315,0.201190829
218,218,0.000343008,-0.003723984,-0.008997118,0.175668493
219,219,-0.006235068,-0.00140987,0.024260322,0.163959607
220,220,-0.0134057,-0.003469255,0.083962478,0.444454163
221,221,0.00876517,-0.002344127,-0.05809249,0.280067772
222,222,0.004779207,0.002575753,-0.013565864,0.124931484
223,223,0.002503904,-0.00230182,0.042104673,0.159947872
224,224,0.005992678,0.001274458,0.001649697,0.10300713
225,225,0.005296645,0.00021998,0.004552413,0.07557299
226,226,0.008092657,-0.00046196,0.001400494,0.054140784
227,227,0.00012599,0.00208415,0.015244407,0.169790179
228,228,-0.025047822,0.00290324,0.383383691,0.425393492
229,229,-0.045208462,-0.068330847,0.559720516,0.593893766
230,230,-0.016265826,-0.058431879,0.429258227,0.451354623
231,231,-0.059476182,-0.093006887,0.599051714,0.617282152
232,232,-0.093214415,-0.098240405,0.426119328,0.475342244
233,233,-0.10786318,-0.105741329,0.199137196,0.294931769
234,234,-0.012857354,-0.10693235,-0.776050329,0.825797439
235,235,0.015784197,-0.111076504,0.046087399,0.758754492
236,236,-0.123425603,-0.137709677,0.716349602,0.76050204
237,237,-0.115013115,-0.132298544,0.116330951,0.247398481
238,238,-0.233107507,-0.093878694,0.732286572,0.783254921
239,239,-0.165717095,-0.037967581,-0.500265181,0.777553737
240,240,0.189249858,-0.063903391,-1.951597333,1.967762232
241,241,0.067423098,-0.02561306,-0.249754041,0.341613561
242,242,0.029031906,-0.004350824,0.038223997,0.132385597
243,243,0.046728522,0.001719512,-0.307443917,0.407596022
244,244,0.000507179,0.001640052,-0.14078784,0.327361673
245,245,-0.016136087,-0.010403438,0.191465765,0.425128102
246,246,0.015880272,-0.00049116,-0.01705981,0.196898386
247,247,0.003736248,0.0065489,0.002023513,0.26904425
248,248,0.021400779,0.002165291,-0.174788475,0.265091181
249,249,-0.011122638,-0.005314167,0.006132917,0.252087265
250,250,-0.018207503,-0.004426742,0.183252051,0.436839789
251,251,0.00443234,-0.004210189,0.034484692,0.297671109
252,252,0.017055729,-0.002277216,-0.006302887,0.297354549
253,253,0.017124139,0.009732462,-0.116738431,0.285782456
254,254,0.002970358,-0.003676896,-0.007842731,0.218994394
255,255,-0.004800872,-0.002236007,0.014979815,0.184949145
256,256,-0.012267731,-0.001630542,0.156289905,0.263372868
257,257,0.018451324,-0.002478569,0.008411529,0.246019125
258,258,0.023961436,0.004908908,-0.154134348,0.274954945
259,259,0.065238334,0.029913323,-0.754678607,0.800636113
260,260,0.263774157,-0.039541308,-2.007147789,2.040009022
261,261,0.283432543,0.124569848,-2.089008093,2.117818356
262,262,0.026970116,0.141119018,-1.928212047,1.948967934
263,263,0.324510008,-0.166144192,-2.072973251,2.145600796
264,264,0.404761046,0.12593621,-2.078286409,2.132510185
265,265,0.057037808,0.309035867,-0.223764732,0.465661377
266,266,0.046090066,0.378605455,-0.130439043,0.404996008
267,267,0.069544628,0.384239703,0.871980131,1.103095412
268,268,-0.140465721,-0.173908606,2.946653843,2.986135721
269,269,-0.381069064,0.050882556,3.15414381,3.193267107
270,270,-0.083037265,-0.080845729,1.958625555,1.982817292
271,271,-0.148042917,-0.048167512,1.013784051,1.072171926
272,272,-0.060108162,0.012607734,0.356184751,0.422686517
273,273,0.002501243,-0.000864155,0.112144984,0.299624145
274,274,0.015451632,-0.002018132,-0.014244185,0.146568149
275,275,0.022878714,0.000608754,-0.092348576,0.293683529
276,276,0.004384981,0.003719835,-0.001823478,0.195900738
277,277,-0.003332998,-0.008388708,0.145576045,0.391926706
278,278,0.029901668,0.000734805,-0.164458334,0.284575284
279,279,0.002439856,0.00583821,-0.087028943,0.301726192
280,280,-0.014292445,-0.005788383,0.003535133,0.181555375
281,281,-0.000292431,0.005064488,-0.007750807,0.132729113
282,282,-0.00201825,-0.006714372,0.006868623,0.108677685
283,283,-0.003476581,-0.002232553,0.008525833,0.137177721
284,284,0.003233738,0.006496065,-0.002105806,0.138498828
285,285,0.007481577,-0.010556613,-0.057338465,0.27367416
286,286,-0.022032632,-0.003853067,0.163516134,0.20486486
287,287,0.003586496,-0.007106198,0.031761263,0.150507554
288,288,0.00665466,0.0073804,-0.019285463,0.189692467
289,289,0.016999301,-0.00380743,-0.054996379,0.271605253
290,290,-0.021597946,-0.004140187,0.217434898,0.349475682
291,291,0.035273697,0.000583089,-0.185710564,0.324668199
292,292,0.011603755,-0.000450883,-0.03744597,0.207295731
293,293,0.008660199,-0.002167211,-0.036795642,0.131730348
294,294,-0.012421746,-0.005842802,0.121028796,0.184433892
295,295,0.005302561,0.005388716,0.016639277,0.152910754
296,296,-0.022842312,-0.008873362,0.222428322,0.26104179
297,297,0.02374237,-0.017217737,-0.013295553,0.48136732
298,298,0.015944196,-0.006526121,-0.052276768,0.297219515
299,299,-0.08271575,-0.075190663,1.047302485,1.057290912
300,300,0.00732624,-0.085328147,0.183925837,0.31420964
301,301,0.068367749,-0.064959094,-0.228006572,0.28583625
302,302,0.023111129,-0.05766359,0.182532251,0.387498021
303,303,0.008126521,-0.075271562,0.1507404,0.218196794
304,304,0.000951865,-0.070644289,0.218378365,0.272590041
305,305,-0.016915446,-0.07628037,0.193760514,0.236066833
306,306,-0.017104499,-0.084055267,0.051831506,0.109203979
307,307,-0.032300584,-0.118375063,0.16531761,0.235091701
308,308,-0.000593763,-0.14042297,-0.134889916,0.268704683
309,309,0.061752085,-0.115502879,-0.473033488,0.671972394
310,310,0.061693046,-0.105315365,-0.06178901,0.470443338
311,311,0.104306385,-0.068058982,-0.399665534,0.443653196
312,312,0.10975787,0.032914292,-1.04578197,1.078160048
313,313,0.115883723,-0.068146631,-1.238592744,1.251685023
314,314,0.076204196,-0.182752073,-0.195678219,0.3346591
315,315,-0.097122647,-0.150636077,0.988481402,1.045912862
316,316,-0.182440922,-0.077027373,1.697928429,1.717625976
317,317,0.123625837,-0.068037041,-0.443803459,0.688809156
318,318,0.069766171,0.035935037,-0.594102085,0.80734688
319,319,-0.015532234,-0.000735314,0.189993799,0.400085479
320,320,-0.006618737,-0.020813625,0.255249411,0.334566593
321,321,0.004286582,-0.031091873,0.40542233,0.51518929
322,322,0.09724839,-0.105181761,-0.215920806,1.229661465
323,323,0.009009757,-0.07943143,0.643120646,0.718591154
324,324,0.027836313,-0.174256533,0.103843257,1.211904764
325,325,0.118500054,0.015914256,-1.4350003,1.847705841
326,326,-0.042065434,-0.010446099,0.190878972,0.291329861
327,327,-0.006206496,-0.00328151,0.031751782,0.202428609
328,328,-0.002893802,0.012387346,-0.01358126,0.196968883
329,329,-0.006418861,-0.007140392,0.009860052,0.211116329
330,330,-0.005978337,-0.014686044,0.079628341,0.384837002
331,331,0.018220771,0.011132737,0.007837044,0.343801141
332,332,-0.000317017,-0.01979121,0.020128323,0.362276942
333,333,0.008338811,0.0071965,5.18E-06,0.136124611
334,334,0.013783346,-0.000166931,-0.055239901,0.169325978
335,335,-0.001243562,-0.006655748,0.083852597,0.172585264
336,336,0.017508749,0.005414017,-0.156435549,0.217086807
337,337,-0.003686651,0.001917969,0.021696633,0.088638768
338,338,-0.001983083,-0.004880795,0.011726656,0.062761039
339,339,-0.0592076,-0.025318803,0.718219697,0.798416793
340,340,0.002595636,-0.047102857,0.455326468,0.640724063
341,341,-0.012313696,-0.044606607,0.227216631,0.274546564
342,342,0.001366158,-0.057689939,0.132775694,0.20075424
343,343,0.029143427,-0.057204481,-0.127625316,0.194493592
344,344,0.091029234,-0.037551746,-0.601971745,0.640358508
345,345,-0.076864757,-0.039489612,1.077680945,1.797401428
346,346,-0.335844576,-0.068390779,2.391463518,2.423028231
347,347,-0.076275729,0.200120792,2.122186661,2.147370577
348,348,0.283741981,-0.011336182,0.440329909,0.795103967
349,349,0.529446304,0.199882209,-2.324081182,2.465553045
350,350,0.225599915,-0.021129416,-3.074821711,3.087370396
351,351,0.087997861,0.028200226,-0.901465952,0.963984132
352,352,-0.01400431,-0.007807574,0.072853498,0.291301578
353,353,-0.023655139,0.000663821,0.207042754,0.297196418
354,354,0.020599246,0.003478792,-0.095271878,0.209596768
355,355,0.01069053,0.004282048,-0.059807986,0.174522296
356,356,0.008217535,0.004217135,-0.083914354,0.176648572
357,357,-0.004534125,-0.006910174,-0.068638667,0.297347724
358,358,-0.028342042,-0.009882246,0.199337944,0.288094431
359,359,-0.036236033,-0.025060756,0.562996149,0.583935976
360,360,0.054500937,-0.01039105,-0.183032259,0.229392081
361,361,0.080022991,0.017669907,-0.620023847,0.63230294
362,362,-0.043914299,-0.011441799,0.390682071,0.467504591
363,363,0.286823839,0.016276933,-2.324436426,2.346450329
364,364,0.339609563,0.111959793,-2.70482111,2.732908249
365,365,0.120296411,0.069356889,-2.876454115,2.888207436
366,366,0.545226932,0.022798417,-2.993625641,3.060318232
367,367,0.076811209,0.426215112,-0.145776704,0.767155051
368,368,0.01354442,0.048013929,2.397729635,2.412111759
369,369,-0.303540468,-0.083121486,2.0364604,2.065404654
370,370,-0.13862817,-0.051598307,1.600905299,1.614543319
371,371,-0.311339647,-0.022609251,3.476947784,3.500681639
372,372,-0.397830218,-0.072295412,3.991313934,4.015975952
373,373,-0.520293415,-0.064454705,5.022986889,5.057729244
374,374,-0.120664053,-0.07235764,2.482681751,2.807263374
375,375,0.075993426,-0.212506309,-0.106714234,0.270198405
376,376,0.084134817,-0.221025482,-0.096844815,0.26539433
377,377,0.113086432,-0.184893996,-0.324762553,0.412673384
378,378,0.140851364,-0.038710278,-0.948876798,0.963645577
379,379,0.549035907,0.08786004,-5.401154518,5.432750225
380,380,0.622174919,0.08962626,-6.342990398,6.37836647
381,381,0.28224805,0.081105895,-3.422014475,3.507308245
382,382,-0.15887621,0.112875797,0.559333205,0.60005945
383,383,-0.274211437,0.00457243,3.735657215,3.752389669
384,384,-0.194920599,-0.007008283,1.408174157,1.468073606
385,385,0.037279237,0.010742445,-0.188860953,0.25004217
386,386,0.014172567,0.009378228,-0.107434839,0.200100705
387,387,-0.002444265,-0.003085758,-0.08485993,0.235762894
388,388,-0.023143312,-0.00144976,0.087581746,0.180543646
389,389,-0.013507521,-0.003632699,0.075108923,0.199955404
390,390,-0.000498334,0.000510757,0.002138821,0.09244781
391,391,0.014052564,0.00443134,-0.111932762,0.172136277
392,392,0.064650185,0.006407221,-0.555765212,0.572845459
393,393,-0.020210717,-0.037396226,-0.026510935,0.386937886
394,394,-0.087654442,-0.039673306,0.561293602,0.574273825
395,395,-0.067984186,-0.03717763,0.770446897,0.781518281
396,396,-0.01139746,-0.057047594,0.398558497,0.420193523
397,397,-0.008952424,-0.039611708,0.331424385,0.428915143
398,398,-0.009093145,-0.058807336,0.40351212,0.584420085
399,399,-0.114897333,-0.068047009,0.829093099,0.847123384
400,400,-0.104884513,-0.062594332,0.140850931,0.2242309
401,401,-0.050457165,-0.069982499,-0.547727764,0.644839764
402,402,0.09165401,-0.093093008,-0.875152647,0.942972958
403,403,0.184950992,0.041835457,-1.952593327,1.971402407
404,404,0.039721552,-0.058209743,-0.50466001,0.554291606
405,405,0.46724695,0.085939005,-3.436295748,3.478806734
406,406,0.095712267,-0.095001884,-3.343493938,3.377301216
407,407,0.34798789,-0.510191202,-0.589934707,0.98894012
408,408,0.210564479,-0.520259202,0.181941271,0.725278854
409,409,-0.701423168,-0.148731172,6.197888851,6.267886639
410,410,-0.289678216,-0.125253394,2.697319031,3.800163269
411,411,0.11223191,-0.057113241,-0.496540368,0.667740047
412,412,0.066890679,-0.021370832,-0.178528011,0.280558348
413,413,0.039272189,-0.01387185,-0.013956352,0.349544317
414,414,0.054783933,-0.014537424,-0.05486292,0.22828567
415,415,0.056655917,0.002316812,-0.228551224,0.322927326
416,416,0.02737548,0.008345802,-0.127411768,0.300087243
417,417,0.005453388,-0.000380758,-0.007352702,0.320948631
418,418,-0.017275764,0.009271019,0.201182947,0.468622088
419,419,0.056247547,-0.0176502,-0.332265288,0.846916318
420,420,-0.01861174,0.00938214,-0.042359091,0.257880807
421,421,-0.025777686,-0.003306614,0.123040631,0.39545247
422,422,-0.017339818,0.006226922,0.049945708,0.280531764
423,423,0.009877924,-0.000179612,-0.017000837,0.188729033
424,424,0.029818797,0.0018836,-0.293988109,0.388349414
425,425,0.030382631,-0.036271263,-0.665942848,0.726270258
426,426,-0.038947523,-0.13093321,-0.100154869,0.330437273
427,427,-0.090781584,-0.093928099,0.241383553,0.378450513
428,428,-0.046067446,-0.039435688,0.0223778,0.814403474
429,429,-0.008706739,-0.088175833,-0.388084769,0.80189693
430,430,-0.172471359,-0.062580712,1.08626163,1.112083435
431,431,-0.013803477,-0.034072995,0.562968671,0.588366508
432,432,0.054543946,-0.065899037,0.219321102,0.283504009
433,433,0.047662247,-0.060737535,0.150722921,0.220207512
434,434,0.040231463,-0.063993059,0.090673544,0.185660586
435,435,0.035000011,-0.041169718,0.008134407,0.082957365
436,436,0.002453263,-0.050598048,0.001235657,0.091251224
437,437,0.054045103,-0.006364233,-0.023499189,0.130319789
438,438,0.021843912,-0.025365718,-0.013897758,0.149633035
439,439,-0.019088181,-0.046480883,0.367682368,0.378325582
440,440,-0.094723485,-0.094917916,0.988008499,0.998187125
441,441,-0.096039705,-0.094200648,0.263620228,0.325319052
442,442,-0.057158865,-0.098730214,-0.289599597,0.400231063
443,443,0.037791219,-0.104825176,-0.531895876,0.761449754
444,444,0.11855945,-0.085746586,-0.884051502,0.94646728
445,445,0.200760677,0.042031281,-1.771023631,1.794904709
446,446,0.308274984,-0.110038027,-1.966569424,2.003250122
447,447,0.34889248,0.127863944,-0.793945074,0.929406226
448,448,0.235414252,0.25477469,0.076688446,0.819467962
449,449,0.334131509,0.253314704,-0.672682643,0.827661276
450,450,0.090855651,0.42098397,-0.815087736,0.975733399
451,451,-0.027206818,0.391987801,0.437051564,0.781151414
452,452,0.149271622,0.322848558,0.055261787,0.575055599
453,453,0.159208119,0.353729069,-0.500998795,0.722350657
454,454,0.099743031,0.365218103,-0.159641638,0.494285762
455,455,0.063500419,0.366286784,-0.286865354,0.502023816
456,456,0.021888863,0.349800736,0.079791367,0.424047768
457,457,0.135104224,0.262776971,0.410591513,0.750824451
458,458,0.211529911,0.181785077,0.441316634,0.59628284
459,459,-0.17884776,-0.082740627,2.913784504,2.931193829
460,460,-0.109732039,-0.046663839,1.167386293,1.199118733
461,461,0.04518903,-0.083981544,0.191416368,0.296471
462,462,0.095678762,-0.039150883,-0.264864981,0.381027579
463,463,0.070165023,-0.026157072,-0.094469562,0.336124897
464,464,0.061330236,-0.003573823,-0.210746795,0.352631837
465,465,0.040780365,-0.004159285,-0.089635454,0.209987983
466,466,0.031813305,0.004335192,-0.049284898,0.280092925
467,467,0.023966912,-0.003529393,0.00416984,0.233950198
468,468,0.026097946,0.007330729,-0.089491889,0.241574854
469,469,0.013683766,0.002984275,-0.020644944,0.281414688
470,470,-0.004276228,0.000719034,0.009454778,0.271332264
471,471,0.007317593,0.000547064,0.007990025,0.292866826
472,472,0.014082145,-8.77E-05,-0.122191921,0.23687306
473,473,-0.002895963,0.001557691,0.007458103,0.250189692
474,474,0.000967704,0.008803136,-0.048867308,0.369979322
475,475,-0.012803072,-0.003976079,-0.087668806,0.311006844
476,476,-0.005371431,-0.010182846,-0.19871439,0.385785997
477,477,-0.009412347,-0.033302464,-0.413947821,0.494665056
478,478,0.012736257,-0.092549741,-0.488906175,0.533943176
479,479,-0.008127407,-0.128862336,-0.049225602,0.222434253
480,480,-0.047889065,-0.096603245,0.194159001,0.297117144
481,481,-0.091542006,-0.048875328,0.550243974,0.582956612
482,482,-0.036691725,-0.013610853,0.169068962,0.207826659
483,483,-0.018988853,-0.005564893,0.123656042,0.158635229
484,484,-0.012175078,0.013115472,0.055565309,0.140703365
485,485,-0.010774525,0.016254634,0.081468254,0.133654609
486,486,0.009310206,-0.014339162,-0.00599879,0.096279688
487,487,0.010185411,0.00430398,-0.013821701,0.074665189
488,488,-0.015924219,-0.003618149,0.178929821,0.205070943
489,489,0.079968564,0.014354263,-0.530026197,0.558698058
490,490,-0.050520226,-0.013901377,0.226512492,0.403577
491,491,-0.03365121,-0.016839683,0.30040589,0.427883685
492,492,0.040121824,-0.004274581,-0.133254185,0.357842624
493,493,0.030166075,0.001173018,-0.100281358,0.606086493
494,494,0.003398213,-0.001579675,-0.12828669,0.288724571
495,495,-0.014521313,-0.005768892,0.044505771,0.248529002
496,496,-0.020813776,-0.012362496,0.232763544,0.503264666
497,497,0.039401017,0.012048921,-0.203998417,0.356643081
498,498,-0.025512187,-0.001175429,0.140005693,0.36020121
499,499,0.013337105,-0.003242881,-0.01779208,0.363641828
500,500,0.002160891,0.000745526,0.019449957,0.273127079
501,501,0.012304792,-0.001333625,-0.026956612,0.255298764
502,502,0.010100487,-7.03E-05,-0.06545303,0.325722575
503,503,0.009226507,0.001871569,-0.047075912,0.284491271
504,504,-0.013829413,-0.005920132,0.108384788,0.387313187
505,505,0.00612793,0.0022298,0.003144505,0.251478523
506,506,-0.009738389,-0.007985535,0.134028539,0.250712335
507,507,0.015054471,0.001749193,0.030029584,0.176611573
508,508,0.017065985,0.002223594,0.003459926,0.140824199
509,509,-0.048411231,-0.033218741,0.530698001,0.729115069
510,510,0.036395427,-0.03970984,-0.027137976,0.563433468
511,511,0.058563415,0.028695807,-0.437194318,0.494852155
512,512,0.025963459,-0.01880273,-0.127540603,0.224230692
513,513,-0.006280223,-0.014446423,0.152118906,0.202563763
514,514,0.012634952,-0.001911364,0.027302949,0.098781355
515,515,0.018952508,0.015150105,-0.034128055,0.133736461
516,516,-0.000400908,-0.005658398,0.222791046,0.261971712
517,517,-0.00443095,-0.023822652,0.32325533,0.337696135
518,518,0.020107592,-0.024905488,0.130931795,0.206288397
519,519,-0.011281271,-0.03379418,0.333755761,0.440342069
520,520,-0.053142022,-0.063918479,0.666370213,0.678634346
521,521,-0.085408226,-0.065790311,0.66399169,0.693628132
522,522,-0.290478051,0.005074331,2.015880823,2.040956497
523,523,-0.079075851,0.156392112,1.549724817,1.566450357
524,524,0.322310865,0.126681134,-1.054751873,1.335079193
525,525,0.038386792,0.163436219,-0.844040811,0.885035515
526,526,0.043739509,0.0055554,-1.742194057,1.75652349
527,527,0.038880747,-0.076330498,-0.578909695,0.599506676
528,528,0.116451181,-0.023347238,-0.696780622,0.824860692
529,529,0.065859221,-0.023797732,-0.137008876,0.267336249
530,530,0.016404429,-0.059478458,0.472070009,0.536308825
531,531,0.117187195,-0.037880622,-0.586510241,0.672370315
532,532,0.078451574,0.035148639,-0.61231333,0.676377773
533,533,-0.01857836,-0.016763423,-0.17282775,0.491972297
534,534,-0.068668157,-0.011997334,0.339560002,0.561651826
535,535,-0.041807339,-0.02805035,0.375945568,0.708652973
536,536,0.091507852,0.019746933,-0.378234744,0.657517731
537,537,0.001247768,-0.005586311,-0.150390044,0.522571266
538,538,-0.02964111,-0.010757584,0.119762436,0.525294662
539,539,-0.013432326,-0.007264236,0.083518289,0.516116977
540,540,0.00220163,0.014170388,0.008427585,0.591355562
541,541,0.013733867,0.007635812,-0.01855124,0.548036039
542,542,0.003737065,0.002209844,0.025615245,0.569250286
543,543,0.0037831,-0.017113473,-0.044596072,0.54336375
544,544,0.004922419,-0.00833571,0.006335271,0.434467107
545,545,-0.003700096,0.012474175,0.117632478,0.396951467
546,546,0.019914895,-0.001278727,-0.130979866,0.560919106
547,547,0.022881959,0.006028915,-0.33403635,0.54339534
548,548,-0.071298592,-0.033576697,0.464443982,0.641583681
549,549,0.011869644,-0.01861687,0.11558684,0.4706285
550,550,0.043998685,0.019247288,-0.223655537,0.559157968
551,551,-0.000537448,-0.008960846,0.1046727,0.396959931
552,552,0.018973578,0.003298923,-0.099590048,0.525330722
553,553,0.007800534,0.004778443,-0.097216949,0.500170946
554,554,-0.031179557,-0.007188626,0.235653207,0.4432697
555,555,0.025437504,0.001426941,-0.073687479,0.627468407
556,556,0.005037983,-0.004477585,-0.037399154,0.648369133
557,557,0.03346635,-0.004974104,-0.259209394,0.553495109
558,558,-0.030844374,-0.006845819,-0.092005648,0.439511001
559,559,-0.043067854,-0.030562315,0.250424385,0.613718212
560,560,-0.03398915,-0.04516862,0.524460137,0.830995023
561,561,0.078038767,0.057368424,-0.238282323,0.50720185
562,562,0.060005736,-0.016410798,-0.625565529,0.814221025
563,563,-0.042845245,-0.004743853,0.156284958,0.291001111
564,564,0.00449834,-0.014102099,-0.126045927,0.193717986
565,565,-0.038803037,-0.016214643,0.18542704,0.291203648
566,566,-0.01999601,-0.012026301,0.153693646,0.410902202
567,567,-0.003952399,-0.003241599,0.233455852,0.397791445
568,568,0.019872988,-0.016876783,0.0613137,0.379570752
569,569,0.041422073,-0.007552533,-0.181442946,0.378892422
570,570,0.027640095,0.018581223,-0.153722093,0.446392387
571,571,-0.032256886,-0.009503423,0.206576303,0.4881365
572,572,0.027437681,-0.000915074,-0.054221816,0.339227587
573,573,0.003129961,0.005373373,-0.075618565,0.325963885
574,574,-0.010294463,0.006747367,0.092884146,0.391829491
575,575,0.023199402,-0.009512579,-0.120805569,0.34753859
576,576,-0.006946421,-0.007768209,0.065563895,0.418845445
577,577,-0.006793622,-0.007549032,0.009059099,0.402804762
578,578,0.014188739,0.014086603,-0.030565614,0.338617653
579,579,0.009468977,-0.013183114,0.000748136,0.36142242
580,580,0.029061699,0.01197106,-0.178882793,0.320140541
581,581,0.004920808,-0.010444673,-0.258644432,0.462073267
582,582,0.028373815,-0.038315196,-0.585860431,0.616139412
583,583,0.257497609,-0.05026811,-1.835736632,1.860059977
584,584,0.241411999,0.056816522,-1.087784648,1.123905063
585,585,0.093010612,0.089264132,-0.215700105,0.411498219
586,586,0.051827945,0.080846734,0.17283836,0.257059544
587,587,-0.03769898,0.013459289,1.297559381,1.308208704
588,588,-0.112218134,-0.045267832,1.466852665,1.475952506
589,589,-0.068815328,-0.024256591,0.337916851,0.367516547
590,590,-0.090143837,-0.017532608,0.540258646,0.571062028
591,591,-0.056104261,0.010519871,0.590588987,0.603775203
592,592,0.044833373,-0.017311359,-0.146803707,0.30347541
593,593,-0.083148837,-0.117586464,1.043753266,1.38386488
594,594,0.125490516,-0.025487715,-1.070657253,1.08310771
595,595,0.02050573,0.005953109,-0.209355444,0.445199341
596,596,-0.022750894,-0.010083715,0.231897727,0.283252239
597,597,-0.164633825,-0.070963539,1.784461141,1.797928572
598,598,-0.213943541,-0.054193527,1.365118742,1.389674544
599,599,-0.17425257,0.02351441,-0.185167432,0.656442285
600,600,0.008716107,-0.070886694,-1.468097448,1.502537608
601,601,0.108440742,-0.047121976,-0.891561329,0.932589293
602,602,-0.028687295,-0.078510724,0.218288198,0.308034301
603,603,0.145176739,0.048639905,-0.422114909,0.492308766
604,604,0.057860967,0.048222221,-0.183128104,0.281576157
605,605,0.029775931,0.045469474,-0.172921985,0.523422718
606,606,0.048262514,-0.046161581,-0.353981674,0.457873613
607,607,-0.032859165,-0.02033256,0.181514725,0.325274587
608,608,0.014958968,-0.001816336,-0.148082167,0.439117402
609,609,0.013156214,-0.014633819,-0.307897419,0.41767773
610,610,-0.059227437,-0.030082988,0.082682788,0.204074591
611,611,-0.058552541,-0.011493921,0.202288836,0.375177264
612,612,-0.003349219,-0.016707154,-0.128153488,0.241137028
613,613,-0.044160135,-0.01973499,0.201932654,0.327093899
614,614,-0.019371139,0.008942287,0.182606965,0.330423802
615,615,0.012340691,-0.006702209,-0.005661167,0.299184024
616,616,0.033208996,0.001761682,-0.140823185,0.311606318
617,617,-0.009600444,-0.001391485,0.117724352,0.314029902
618,618,0.002715256,-0.005800324,0.083252221,0.298066646
619,619,0.006981926,0.000178991,0.115123667,0.455924243
620,620,0.049912218,-0.012508346,-0.168658972,0.31492871
621,621,0.01298844,0.01120165,-0.183192909,0.578021526
622,622,-0.013299728,0.018116143,0.14664267,0.725418389
623,623,-0.002379289,-0.041025959,0.267780036,0.565607965
624,624,0.04266759,-0.001085542,-0.016639249,0.1759215
625,625,0.048433159,0.004977564,-0.205821246,0.336145669
626,626,0.004041556,0.000900291,0.059603889,0.189778358
627,627,0.013907916,-0.004382311,0.032350246,0.343784243
628,628,0.016617304,-0.00511691,-0.031133149,0.197975829
629,629,0.01617739,-0.000934386,-0.010235738,0.163463369
630,630,0.005279582,-0.003676189,0.035981912,0.230868518
631,631,0.007624223,-0.010985222,0.063862212,0.366226017
632,632,0.03441399,0.023390403,-0.268002808,0.369460791
633,633,-0.012970098,-0.009202562,-0.003982231,0.631254673
634,634,-0.018025881,-0.006941534,0.319987059,0.859930158
635,635,0.029469889,0.01065827,-0.116996795,0.215140387
636,636,-0.025989939,-0.015167193,0.273494929,0.300865322
637,637,0.008626446,-0.012826961,0.058456779,0.349248677
638,638,-0.268232167,-0.147095352,2.721036196,2.741355896
639,639,-0.367609173,0.022747369,3.96669364,3.990237236
640,640,-0.084193282,-0.296890855,1.340936303,1.392503858
641,641,-0.003012194,-0.246461347,-0.708201528,1.31726265
642,642,0.093927562,-0.279083937,-0.146538213,1.16402781
643,643,0.5912233,0.155819282,-5.110637665,5.160398483
644,644,0.173900679,0.061747417,-2.262161255,2.690116644
645,645,-0.035130449,-0.008633668,0.182517424,0.544835985
646,646,-0.008619324,0.004883466,-0.002591763,0.338234216
647,647,-0.023757583,-0.003149685,0.179196894,0.432861388
648,648,0.000834858,-0.001471913,0.070819855,0.503043413
649,649,0.068869554,-0.001640474,-0.443262875,0.619516969
650,650,-0.068918936,-0.022178845,0.23862198,0.869461417
651,651,-0.029773064,-0.044871841,0.45667538,0.558346808
652,652,0.070857614,0.013045856,-0.333889574,0.438244402
653,653,0.036762446,0.000489319,-0.256113708,0.351287842
654,654,-0.015801545,-0.009673826,0.105761915,0.704134166
655,655,-0.007520724,0.003450238,-0.027145488,0.453196079
656,656,-0.011149656,0.029230576,0.227677464,0.41158247
657,657,0.014935973,-0.036284115,-0.051771894,0.505813718
658,658,0.005545752,0.012822906,-0.057385672,0.424844593
659,659,-0.00644425,-0.015914835,0.022777088,0.398459226
660,660,0.01202282,0.0010186,-0.013000051,0.282180816
661,661,0.009571769,0.012456629,-0.016866,0.441361427
662,662,0.008657204,-0.002342443,-0.079306252,0.315505922
663,663,-0.008733862,-0.010071914,0.063056603,0.2836411
664,664,-9.59E-05,0.002839709,0.041368708,0.376078695
665,665,0.014557081,-0.000205838,-0.088626921,0.231773838
666,666,-0.01246905,-0.010706392,0.103968255,0.245380148
667,667,0.007102345,0.006053416,-0.006513337,0.1896483
668,668,-0.009543405,-0.008255482,0.153546616,0.256608754
669,669,0.02117309,-0.001376224,-0.000570265,0.434194356
670,670,0.031869452,0.000518868,-0.212048873,0.347138286
671,671,0.009123442,-0.001775501,-0.067060277,0.21383296
672,672,-0.007177422,-0.004864646,0.014826898,0.140127465
673,673,-0.002893356,0.007773868,0.000127407,0.218351379
674,674,-0.019578699,-0.012133792,0.092947967,0.357245415
675,675,0.001656535,0.003714721,-0.002954135,0.2284168
676,676,-0.008730675,-0.002235503,0.144657224,0.258986861
677,677,0.019949438,0.002093192,-0.03825105,0.229738444
678,678,0.01553518,0.002953778,-0.073148847,0.25518927
679,679,0.029452238,0.005548146,-0.318121672,0.462732613
680,680,-0.045524348,-0.01375235,0.330464631,0.392273694
681,681,-0.000604018,-0.006833783,0.136832654,0.332595319
682,682,0.040843137,0.001452426,-0.273519456,0.525454223
683,683,-0.024000013,-0.010714803,0.185327142,0.39816004
684,684,0.0340175,0.019337745,-0.196871296,0.274978757
685,685,-0.023995776,-0.012510451,0.147151887,0.261327118
686,686,0.006502868,-0.008228593,0.0002978,0.25506258
687,687,0.007229513,-0.001914675,0.047703598,0.204351023
688,688,0.01980231,-0.001130081,-0.07963109,0.294745862
689,689,-0.005527173,-5.53E-06,0.039446641,0.299308717
690,690,0.01557688,0.009175261,-0.055201013,0.232766613
691,691,-0.004505449,0.00411394,0.007109386,0.21308139
692,692,0.009579441,-0.00945514,0.006619956,0.370260179
693,693,0.007914962,-0.000826573,-0.044856578,0.235194877
694,694,-0.011285722,-0.003442727,0.066258982,0.221533462
695,695,0.001286785,0.005797632,0.034379758,0.238733426
696,696,0.022028821,-0.000203795,-0.09103889,0.183809161
697,697,-0.003494621,-0.0002511,0.063825645,0.272053093
698,698,0.013062014,-0.007355468,-0.069365382,0.216676354
699,699,-0.00787726,0.002383504,0.055564012,0.236926362
700,700,-0.000141753,0.002832657,0.038521219,0.210423589
701,701,0.014376284,-0.007498018,-0.059385892,0.21996507
702,702,-0.004608206,0.002374782,0.01821517,0.207813814
703,703,-0.013613163,-0.005484555,0.115879185,0.226058185
704,704,0.021010064,0.004552146,-0.059493832,0.250438005
705,705,0.003986613,-0.011642503,0.052208524,0.153694451
706,706,0.013898344,0.014343137,-0.028469613,0.133223489
707,707,0.003749129,-0.01443784,0.11652562,0.195563495
708,708,0.022961354,0.006856854,-0.085239753,0.233633906
709,709,0.034984861,0.008665056,-0.239163041,0.304068536
710,710,-0.029502861,-0.012553412,0.18779704,0.386551768
711,711,0.021495396,0.009682929,-0.209657371,0.29948929
712,712,0.004586094,-0.000861668,-0.161425307,0.250529051
713,713,-0.041809402,-0.020462701,0.141939566,0.288181335
714,714,-0.029806636,-0.005487259,0.19618918,0.298209846
715,715,-0.004606226,-0.007266202,0.108857028,0.245231792
716,716,0.011702846,-0.002455419,0.032908071,0.156336606
717,717,0.022588424,0.00198711,-0.047360778,0.155691281
718,718,0.013103338,0.00336716,-0.041411862,0.149013102
719,719,0.012155677,-0.00251787,-0.051475298,0.158322647
720,720,0.003529037,0.000742095,0.016950052,0.104381554
721,721,0.002352876,0.0039756,0.00501467,0.099166289
722,722,0.015632257,-0.000788912,-0.096675113,0.153185621
723,723,-0.012449617,-0.00827541,0.121179134,0.186880484
724,724,0.000247043,-0.001840526,0.04727846,0.161629438
725,725,0.015178207,0.007142492,-0.040847596,0.131849602
726,726,0.012723413,-0.00409349,-0.063609064,0.151718289
727,727,0.012052448,0.010129391,-0.101684012,0.203149915
728,728,-0.01843705,-0.012549062,0.120989777,0.278235883
729,729,0.004615182,-0.002800202,0.021786377,0.22226426
730,730,0.008061009,0.00601397,-0.03482521,0.173270568
731,731,0.00533506,-0.003047086,-0.010080718,0.119232155
732,732,0.009963794,0.000493303,-0.064215273,0.117676511
733,733,-0.001480076,-0.003585075,0.020098187,0.077933937
734,734,0.000361921,-0.000607291,0.023648402,0.09732268
735,735,0.000696681,0.002806623,0.000280581,0.060358424
736,736,-0.016956054,-0.007290766,0.15162909,0.219410837
737,737,0.015776461,-0.002308369,-0.068312064,0.126034915
738,738,0.015961511,0.002618395,-0.085855573,0.125886843
739,739,0.012457676,-0.001503004,-0.087908201,0.159626633
740,740,-0.003648123,0.003503531,0.02125958,0.123908021
741,741,-0.019299854,-0.009059163,0.180919603,0.258772284
742,742,0.023834109,0.005465711,-0.143878117,0.224126324
743,743,0.000374754,-0.00133416,0.014128651,0.159603626
744,744,-0.028063677,-0.008041102,0.245282948,0.28819254
745,745,0.026816493,0.002349335,-0.105087534,0.21502237
746,746,0.024382459,-0.004914901,-0.117910177,0.21899797
747,747,0.005146834,0.012658807,-0.117823556,0.290274084
748,748,0.005105311,-0.003688544,-0.082947209,0.225869745
749,749,-0.016175415,-0.009723097,0.103185967,0.191902429
750,750,-0.03732653,-0.015847484,0.350620896,0.392535627
751,751,0.015796751,-0.005406627,-0.001994944,0.14723745
752,752,0.044788238,0.013174303,-0.245941877,0.345689327
753,753,0.011958566,0.000259361,-0.07082618,0.275858521
754,754,-0.012750956,0.001124423,0.042401452,0.281430572
755,755,0.00251185,-0.005002153,0.002257057,0.352558047
756,756,-0.008538727,0.001583801,0.033316076,0.247263789
757,757,0.000176306,0.000450677,0.037466969,0.340056062
758,758,0.008710807,-0.0024957,0.019082358,0.244525537
759,759,0.011445461,0.001306709,-0.047542199,0.205712706
760,760,-0.0095626,-0.004520963,0.14004606,0.28299281
761,761,0.022652645,0.006833214,-0.078183666,0.208979264
762,762,0.010881524,-0.003987514,-0.013274596,0.220337719
763,763,0.015618798,0.002340941,-0.122910142,0.234526679
764,764,-0.020009059,-0.004649934,0.08939372,0.257622749
765,765,0.004774674,-0.003573079,0.020513522,0.194371343
766,766,0.003962362,0.003858906,0.001131753,0.235551447
767,767,0.008738124,0.002526282,-0.028614396,0.197996035
768,768,0.003924368,-0.000882591,-0.03825606,0.236776918
769,769,-0.001652575,-0.00075107,0.069714591,0.211501569
770,770,0.013769003,-0.000545788,-0.087311864,0.311807603
771,771,-0.008790079,0.000100038,0.058352031,0.20376572
772,772,-0.000620811,-0.002702246,-0.002552393,0.277302325
773,773,0.00608079,0.002417861,-0.013700712,0.203433931
774,774,-0.00273,0.003111009,0.006287866,0.245960623
775,775,0.001828336,-0.007904462,0.05733845,0.278150976
776,776,0.023132429,0.001962849,-0.090681225,0.223590448
777,777,-0.007592934,-0.006338951,0.029947294,0.214244202
778,778,-0.005347182,0.000290583,0.104118057,0.259176135
779,779,0.025778482,0.010612633,-0.078740247,0.32672435
780,780,0.006236026,-0.003495568,-0.071650632,0.241101637
781,781,-0.003291414,-0.00030489,0.018530838,0.23283422
782,782,-0.007925145,-0.006977538,0.066202767,0.214616701
783,783,0.002528167,3.01E-05,0.010469047,0.163637832
784,784,0.011105433,-0.001637343,0.001769148,0.18369627
785,785,0.022760794,0.005833976,-0.278103977,0.394825399
786,786,-0.085449859,-0.034317687,0.699189126,0.763688445
787,787,0.063950323,-0.001311686,-0.215210959,0.276409924
788,788,0.047855299,0.004461339,-0.235709429,0.464988858
789,789,0.011063624,0.003410752,-0.077651553,0.211589977
790,790,-0.013329724,-0.004193963,0.060332667,0.199956924
791,791,0.000218418,-0.011194501,0.006117707,0.216861323
792,792,-0.000303441,-0.000287983,0.016561352,0.357620955
793,793,0.009627065,0.005519143,-0.005116246,0.229832694
794,794,-0.004974743,-0.000372283,0.046698358,0.4990713
795,795,0.011317207,0.005710356,-0.036008786,0.27954492
796,796,0.016788129,-0.002204149,-0.110662006,0.283511937
797,797,-0.00989816,-0.015155961,0.057812113,0.213047862
798,798,-0.014805085,0.004195136,0.087960862,0.223914728
799,799,0.006236903,-0.007198028,0.058892071,0.183221117
800,800,0.028892225,0.002115868,-0.189207032,0.282636404
801,801,-0.026316237,-0.008598485,0.179252014,0.235449404
802,802,0.013939354,0.008207274,-0.003120957,0.322681308
803,803,0.009809751,-0.009103622,-0.014933755,0.146810964
804,804,0.013524569,0.002056255,-0.06223328,0.138099983
805,805,0.028681636,0.006236368,-0.187449709,0.243691608
806,806,-0.020430759,-0.004481905,0.117555246,0.194653824
807,807,-0.016326252,-0.005639948,0.132981375,0.1869151
808,808,-0.008225215,-0.008295878,0.14542228,0.223770112
809,809,0.026953222,-0.000196733,-0.139522105,0.207427114
810,810,0.008651766,0.00191423,-0.002439787,0.109147206
811,811,0.020957598,0.001913569,-0.118281156,0.194391668
812,812,-0.004552783,-0.000823132,0.035849851,0.132244095
813,813,-0.005161801,-0.002590509,0.095301524,0.216057777
814,814,0.007865026,0.011422435,-0.00082478,0.143485591
815,815,0.010521134,-0.010493984,-0.004214445,0.181817085
816,816,0.013931959,0.009902538,-0.044053499,0.285179853
817,817,0.013045854,0.001660124,-0.114607535,0.336002707
818,818,-0.030360579,-0.008926332,0.19941017,0.302467227
819,819,0.011040104,0.000394813,0.022925818,0.159968078
820,820,0.028855832,0.001459362,-0.13880609,0.267870128
821,821,0.007308962,0.011315964,-0.023872165,0.203450203
822,822,0.006665773,-0.010486829,-0.067797758,0.25350517
823,823,-0.016852412,-0.000381967,0.024276502,0.181529477
824,824,-0.028699324,-0.007871157,0.219978467,0.405268818
825,825,0.027280532,-0.000786702,-0.161737338,0.358578086
826,826,0.010648888,0.00269249,0.025124604,0.378759265
827,827,0.001044191,8.39E-05,-0.036703922,0.310197175
828,828,-0.001198362,-0.007178621,0.029747607,0.240297601
829,829,0.000833766,-0.000680224,-2.50E-05,0.231866106
830,830,0.006024105,0.005675246,0.038853418,0.23236683
831,831,0.006778577,-0.00011896,0.00599442,0.239711627
832,832,0.008156768,-0.0010664,-0.002465129,0.321071655
833,833,7.02E-05,-0.002781482,0.098441795,0.21278359
834,834,0.021847859,0.000904629,-0.084736601,0.219251603
835,835,0.009021875,0.002475235,-0.004493269,0.221834272
836,836,0.00749336,-0.00588984,-0.037056461,0.254964888
837,837,0.008815658,0.00387903,-0.065602951,0.258980513
838,838,-0.004315918,-0.002878024,-0.034567721,0.194022253
839,839,-0.001914123,-0.000680306,0.002935985,0.196972951
840,840,-0.008339693,0.001026921,0.03853099,0.301033497
841,841,0.000992392,0.000777792,-0.043963458,0.196171299
842,842,-0.031523641,-0.015041172,0.246923834,0.388245761
843,843,-0.15094462,-0.127586126,1.61736989,1.635417819
844,844,-0.258474052,-0.079347171,1.818286419,1.841911912
845,845,-0.260612488,0.13497515,2.65964222,2.681235552
846,846,0.00999291,-0.212499946,1.577988505,1.616221309
847,847,-0.063456662,-0.308251292,0.626355469,0.745975614
848,848,0.094752409,-0.263364136,-0.746517718,0.896044075
849,849,0.565087855,0.122624815,-4.791512966,4.836055279
850,850,0.239174038,0.050185986,-2.710273981,2.730222225
851,851,-0.004364567,0.003074053,-0.093385391,0.141315952
852,852,-0.018629909,-0.009466437,0.031579845,0.321125358
853,853,-0.056132153,-0.010963809,0.396521807,0.560225427
854,854,0.012519813,-0.002289952,0.045037828,0.767691433
855,855,-0.014499364,-0.0071567,0.198297381,0.31881541
856,856,0.012051167,-0.01085951,0.094220482,0.382870793
857,857,0.024448093,-0.008910168,-0.061428331,0.204227075
858,858,0.01519422,-0.006771436,0.01320586,0.133415252
859,859,0.034186058,0.007183737,-0.143978521,0.204078153
860,860,0.018000171,-0.001441394,-0.065541066,0.162755027
861,861,0.038384929,0.007149772,-0.308154494,0.384006888
862,862,0.015684817,0.001160837,-0.224499077,0.252486527
863,863,0.068252057,-0.003079139,-0.613802493,0.643819451
864,864,0.168248832,-0.051875945,-1.164186478,1.183151007
865,865,0.117277324,-0.018361626,-0.540317178,0.763823986
866,866,-0.059879471,-0.057414751,1.059133172,1.07766068
867,867,-0.135709867,-0.03453714,1.235544324,1.263632059
868,868,-0.108859807,-0.010288213,0.912628949,0.955065787
869,869,-0.091446556,-0.081605904,1.226227164,1.234598279
870,870,0.030429991,-0.030555617,-0.321260452,0.506090522
871,871,0.025495119,-0.022265069,-0.105069369,0.146081641
872,872,0.141835809,0.065225929,-1.661354423,1.672330499
873,873,-0.016926093,0.017275074,-0.035922706,0.391820908
874,874,-0.082972221,-0.025475184,0.742083311,0.778768122
875,875,0.009230208,-0.020070426,-0.013442233,0.126388445
876,876,0.010241304,-0.013939278,0.009274903,0.13672784
877,877,-0.009013509,-0.007706709,0.176906139,0.238856331
878,878,0.016888121,-0.018628212,0.022581767,0.136557341
879,879,0.025077846,0.000852008,-0.007923161,0.199435845
880,880,0.010271123,-0.019658787,0.089886129,0.182558194
881,881,0.037528083,-0.021527348,-0.039966363,0.208376452
882,882,0.06337139,0.024116015,-0.359005332,0.710426033
883,883,0.020559845,-0.006267128,-0.130912766,0.371098906
884,884,0.003024506,0.005260409,-0.025666818,0.187677324
885,885,0.021186503,0.006621621,-0.207543597,0.322029859
886,886,-0.010229949,-0.005649572,-0.063026555,0.227893174
887,887,-0.042010445,-0.015477245,0.362835974,0.428229421
888,888,0.008735474,0.001532673,-0.02025,0.140899569
889,889,0.008836152,0.00155778,0.002415214,0.11709287
890,890,0.001975517,-0.001300408,0.031299036,0.156583235
891,891,0.014350353,0.00896554,-0.063057572,0.212660149
892,892,0.008171233,0.002453669,-0.001781077,0.233205512
893,893,0.041505482,0.01067904,-0.384936333,0.52949357
894,894,-0.045262631,-0.018489854,0.126917973,0.452144235
895,895,-0.026119126,-0.010407911,0.184095904,0.366337627
896,896,0.000614494,-0.005894704,0.019277753,0.207392812
897,897,-0.019924834,0.002100674,0.159768015,0.283585638
898,898,0.012405253,-0.002389323,0.007070872,0.251091719
899,899,0.015576912,-0.000604982,-0.026511712,0.22211431
900,900,0.017285429,-0.002475318,-0.06815245,0.198484927
901,901,0.01314631,0.014347366,-0.061606266,0.277674973
902,902,-0.002131152,-0.011510044,-0.042952273,0.2761195
903,903,-0.018944899,-0.007148482,0.174087331,0.43380034
904,904,0.026257936,0.01844956,-0.119886756,0.365150183
905,905,0.0123937,-0.009569605,-0.147532672,0.287773669
906,906,-0.017036663,-0.0102743,0.130530596,0.329962254
907,907,-0.007033845,-0.00120175,0.095545389,0.266928971
908,908,0.003712168,0.004047275,0.005576779,0.168160111
909,909,-0.011471193,-0.000355326,0.130514652,0.190808669
910,910,-0.1462138,-0.109454282,1.61966598,1.639103889
911,911,-0.103010066,-0.100904435,0.803454041,0.825725138
912,912,-0.1602263,0.000934638,0.793160737,0.822386205
913,913,-0.18725194,0.097840667,1.440107107,1.466087103
914,914,-0.028728085,0.123010106,1.362344503,1.402995706
915,915,0.222669408,0.112658627,-0.189180091,0.392685264
916,916,0.198575318,0.164383993,-0.154495001,0.408000082
917,917,0.23144117,0.223203063,-1.530502081,1.58631146
918,918,0.052569609,-0.044370338,-1.780900359,1.792398214
919,919,0.166480884,-0.050128687,-1.49413085,1.507784724
920,920,0.013855817,-0.019594178,0.178781629,0.289816648
921,921,0.039992336,-0.026109466,0.089016356,0.224457741
922,922,0.066894695,-0.013583136,-0.255967796,0.328329414
923,923,0.052052002,-0.005007083,-0.292748362,0.363941729
924,924,0.034289565,0.011006203,-0.32995531,0.379479587
925,925,-0.011183147,0.017631656,-0.093838669,0.219037846
,,,,,
,,,,,
,,,,,
,,,,,
,,,,,
,,,,,
,,,,,
,,,,,
,,,,,
,,,,,
,,,,,
,,,,,
,,,,,
,,,,,
,,,,,
,,,,,
,,,,,
,,,,,
,,,,,
,,,,,
,,,,,
,,,,,
,,,,,
,,,,,
,,,,,
,,,,,
,,,,,
,,,,,
,,,,,
,,,,,
,,,,,
,,,,,
,,,,,
,,,,,
,,,,,
,,,,,
,,,,,
,,,,,
,,,,,
,,,,,
